Sequence,Task ID,Epic ID,Epic,Title,Priority,Estimated hours,Canonical macro,Canonical macro title / refinement,Dependencies,Assumptions,Domains,Primary components,Completion state,Source mapping
1,T1.1.1,E1,"Evidence, baseline, and authority reconciliation",Freeze the active ATLAS ref and repository authority map,P0,12,NEW-REFINEMENT,Authority and baseline reconciliation,None,A1,{EVIDENCE} {ARCHITECTURE} {RELEASE},"repository root / Git metadata (reuse); AGENTS.md, CONTRIBUTING*, SECURITY*, ADRs, CI and plan templates (reuse); planning/ATLAS production evidence map (create)",incomplete,Earlier deep-review refinement incorporated under latest-ZIP authority; LATEST-ZIP:ATLAS_Assessment_Package.zip; PROMPT:Pasted markdown.md:Evidence hierarchy and baseline freeze; PROMPT:Pasted markdown (2).md:Stages 1-4; PDF:p.1-34
2,T1.1.2,E1,"Evidence, baseline, and authority reconciliation",Revalidate all product-direction requirements against the attached PDF,P0,8,NEW-REFINEMENT,Authority and baseline reconciliation,None,None,{EVIDENCE} {ARCHITECTURE} {PROVENANCE},ATLAS.pdf (reuse); ATLAS_Requirements_Register.csv (migrate); planning/ATLAS PDF evidence index (create),incomplete,Earlier deep-review refinement incorporated under latest-ZIP authority; LATEST-ZIP:ATLAS_Assessment_Package.zip; PROMPT:Pasted markdown.md:Evidence hierarchy and baseline freeze; PROMPT:Pasted markdown (2).md:Stages 1-4; PDF:p.1-34
3,T1.1.3,E1,"Evidence, baseline, and authority reconciliation",Restore and revalidate the Yggdrasil donor baseline and license provenance,P0,12,NEW-REFINEMENT,Authority and baseline reconciliation,None,A2,{EVIDENCE} {ARCHITECTURE} {SECURITY} {COMPATIBILITY},Runndownn/Yggdrasil@2b0c51b6132c2a16e63fc2e2de2d2b4598b5fe40 (reuse); ATLAS donor integration map (migrate); planning/donor-provenance.json (create),incomplete,Earlier deep-review refinement incorporated under latest-ZIP authority; LATEST-ZIP:ATLAS_Assessment_Package.zip; PROMPT:Pasted markdown.md:Evidence hierarchy and baseline freeze; PROMPT:Pasted markdown (2).md:Stages 1-4; PDF:p.1-34
4,T1.1.4,E1,"Evidence, baseline, and authority reconciliation",Publish the canonical component-ownership and scope boundary matrix,P0,10,NEW-REFINEMENT,Authority and baseline reconciliation,"T1.1.1, T1.1.2, T1.1.3",A5,{ARCHITECTURE} {EVIDENCE} {SECURITY} {COMPATIBILITY},ATLAS_Evidence_Driven_Architecture_Blueprint.md sections 8-17 (reuse); Pasted markdown (2).md Stages 1-5 (reuse); docs/architecture/component-responsibility-matrix.md (create),incomplete,Earlier deep-review refinement incorporated under latest-ZIP authority; LATEST-ZIP:ATLAS_Assessment_Package.zip; PROMPT:Pasted markdown.md:Evidence hierarchy and baseline freeze; PROMPT:Pasted markdown (2).md:Stages 1-4; PDF:p.1-34
5,T2.1.1,E2,Deterministic current-behavior characterization,Define the versioned characterization fixture manifest,P0,8,AT-001,Establish deterministic current-behavior characterization,T1.1.4,None,{EVIDENCE} {RELEASE} {SECURITY},tests/characterization/manifest.schema.json (create); tests/fixtures/v0_1/ (create); tests/characterization/conftest.py (create),incomplete,LATEST-ZIP:ATLAS_Task_Registry.json:AT-001; LATEST-ZIP:ATLAS_Evidence_Ledger.csv:GAP-001..GAP-015; PDF:p.10-14
6,T2.1.2,E2,Deterministic current-behavior characterization,"Characterize CLI, API, persistence, event, and filesystem outcomes",P0,16,AT-001,Establish deterministic current-behavior characterization,T2.1.1,None,{EVIDENCE} {LIFECYCLE} {PERSISTENCE} {EVENTS},tests/characterization/test_cli_api_state.py (create); tests/characterization/evidence_capture.py (create); atlas public CLI/Python API (reuse),incomplete,LATEST-ZIP:ATLAS_Task_Registry.json:AT-001; LATEST-ZIP:ATLAS_Evidence_Ledger.csv:GAP-001..GAP-015; PDF:p.10-14
7,T2.1.3,E2,Deterministic current-behavior characterization,"Add adversarial source, archive, analyzer, and control baselines",P0,16,AT-001,Establish deterministic current-behavior characterization,T2.1.1,None,{SECURITY} {SAFETY} {INTAKE} {PLUGINS} {RECOVERY},tests/characterization/test_adversarial_baseline.py (create); tests/fixtures/v0_1/adversarial/ (create); tests/characterization/faults.py (create),incomplete,LATEST-ZIP:ATLAS_Task_Registry.json:AT-001; LATEST-ZIP:ATLAS_Evidence_Ledger.csv:GAP-001..GAP-015; PDF:p.10-14
8,T2.1.4,E2,Deterministic current-behavior characterization,Integrate characterization evidence into CI and correction gates,P0,10,AT-001,Establish deterministic current-behavior characterization,"T2.1.2, T2.1.3",None,{RELEASE} {EVIDENCE} {COMPATIBILITY},.github/workflows/tests.yml (extend); tests/characterization/README.md (create); planning/characterization-baseline.json (create),incomplete,LATEST-ZIP:ATLAS_Task_Registry.json:AT-001; LATEST-ZIP:ATLAS_Evidence_Ledger.csv:GAP-001..GAP-015; PDF:p.10-14
9,T3.1.1,E3,Versioned pipeline semantics and configuration,"Define `PipelineDefinitionV1`, canonical phase slots, and one failure policy",P0,12,AT-002,Introduce a versioned PipelineDefinition and enforce canonical A–F semantics,T2.1.4,None,{CONFIGURATION} {LIFECYCLE} {COMPATIBILITY},atlas/config/models.py::PipelineDefinitionV1 (create); atlas/core/orchestrator.py::PipelineConfig (refactor); atlas/models/states.py::FailurePolicy (create),incomplete,"LATEST-ZIP:ATLAS_Task_Registry.json:AT-002; REQ-001,REQ-002,REQ-006,REQ-007; PDF:p.10,p.12,p.29,p.34; ADR-001,ADR-007"
10,T3.1.2,E3,Versioned pipeline semantics and configuration,"Implement deterministic safe loading, merge order, and canonical digests",P0,16,AT-002,Introduce a versioned PipelineDefinition and enforce canonical A–F semantics,T3.1.1,None,{CONFIGURATION} {SECURITY} {COMPATIBILITY},atlas/config/loader.py::ConfigurationResolver (create); examples/*.yaml (migrate); atlas/cli.py::pipeline preflight (extend),incomplete,"LATEST-ZIP:ATLAS_Task_Registry.json:AT-002; REQ-001,REQ-002,REQ-006,REQ-007; PDF:p.10,p.12,p.29,p.34; ADR-001,ADR-007"
11,T3.1.3,E3,Versioned pipeline semantics and configuration,Create typed configuration contracts for all six built-in phases,P0,16,AT-002,Introduce a versioned PipelineDefinition and enforce canonical A–F semantics,T3.1.1,None,{CONFIGURATION} {PLUGINS} {SAFETY},atlas/config/phases.py (create); atlas/phases/base.py::PhaseContext (extend); atlas/phases/* (refactor),incomplete,"LATEST-ZIP:ATLAS_Task_Registry.json:AT-002; REQ-001,REQ-002,REQ-006,REQ-007; PDF:p.10,p.12,p.29,p.34; ADR-001,ADR-007"
12,T3.1.4,E3,Versioned pipeline semantics and configuration,"Add legacy pipeline migration, dual support, and deprecation telemetry",P0,12,AT-002,Introduce a versioned PipelineDefinition and enforce canonical A–F semantics,"T3.1.2, T3.1.3",None,{COMPATIBILITY} {CONFIGURATION} {OBSERVABILITY},atlas/config/legacy.py::LegacyPipelineLoader (create); atlas/cli.py::pipeline migrate (extend); docs/migrations/pipeline-v1.md (create),incomplete,"LATEST-ZIP:ATLAS_Task_Registry.json:AT-002; REQ-001,REQ-002,REQ-006,REQ-007; PDF:p.10,p.12,p.29,p.34; ADR-001,ADR-007"
13,T4.1.1,E4,StateStore and SQLite migration foundation,Define the narrow `StateStore` transaction and repository contracts,P0,12,AT-003,Create the StateStore abstraction and versioned SQLite migration system,T2.1.4,None,{PERSISTENCE} {ARCHITECTURE} {SECURITY},atlas/persistence/base.py::StateStore (create); atlas/core/job_store.py::JobStore (refactor); atlas/persistence/errors.py (create),incomplete,"LATEST-ZIP:ATLAS_Task_Registry.json:AT-003; REQ-018; PDF:p.15; ADR-002,ADR-003; R-02"
14,T4.1.2,E4,StateStore and SQLite migration foundation,Implement the SQLite backend with explicit connection and locking policy,P0,16,AT-003,Create the StateStore abstraction and versioned SQLite migration system,T4.1.1,None,{PERSISTENCE} {RECOVERY} {OBSERVABILITY},atlas/persistence/sqlite.py::SQLiteStateStore (create); atlas/persistence/sqlite_repositories.py (create); atlas/core/job_store.py (migrate),incomplete,"LATEST-ZIP:ATLAS_Task_Registry.json:AT-003; REQ-018; PDF:p.15; ADR-002,ADR-003; R-02"
15,T4.1.3,E4,StateStore and SQLite migration foundation,Create immutable numbered migrations and the v0.1 upgrade path,P0,16,AT-003,Create the StateStore abstraction and versioned SQLite migration system,T4.1.1,None,{PERSISTENCE} {COMPATIBILITY} {RECOVERY},atlas/persistence/migrations/ (create); atlas/schema/__init__.py (refactor); schema_migrations table (create),incomplete,"LATEST-ZIP:ATLAS_Task_Registry.json:AT-003; REQ-018; PDF:p.15; ADR-002,ADR-003; R-02"
16,T4.1.4,E4,StateStore and SQLite migration foundation,"Implement verified backup, restore, integrity, and migration recovery",P0,16,AT-003,Create the StateStore abstraction and versioned SQLite migration system,"T4.1.2, T4.1.3",None,{PERSISTENCE} {RECOVERY} {OPERATIONS},atlas/persistence/backup.py (create); atlas/cli.py::database commands (extend); docs/operations/database-recovery.md (create),incomplete,"LATEST-ZIP:ATLAS_Task_Registry.json:AT-003; REQ-018; PDF:p.15; ADR-002,ADR-003; R-02"
17,T5.1.1,E5,"Explicit lifecycle state machines, attempts, and fencing","Specify exhaustive job, phase, attempt, and control state tables",P0,12,AT-004,"Implement explicit Job, Phase, Attempt, and control transition guards","T3.1.4, T4.1.4",None,{LIFECYCLE} {ARCHITECTURE} {RECOVERY},atlas/models/states.py (create); docs/architecture/state-machines.md (create); atlas/core/lifecycle.py::TransitionPolicy (create),incomplete,LATEST-ZIP:ATLAS_Task_Registry.json:AT-004; REQ-014..REQ-017; PDF:p.14-15; ADR-011; R-11
18,T5.1.2,E5,"Explicit lifecycle state machines, attempts, and fencing",Persist immutable phase runs and execution attempts,P0,16,AT-004,"Implement explicit Job, Phase, Attempt, and control transition guards",T5.1.1,None,{LIFECYCLE} {PERSISTENCE} {PROVENANCE},phase_runs and attempts migrations (create); atlas/persistence/repositories/attempts.py (create); atlas/core/orchestrator.py (refactor),incomplete,LATEST-ZIP:ATLAS_Task_Registry.json:AT-004; REQ-014..REQ-017; PDF:p.14-15; ADR-011; R-11
19,T5.1.3,E5,"Explicit lifecycle state machines, attempts, and fencing",Implement guarded atomic transitions and fencing tokens,P0,16,AT-004,"Implement explicit Job, Phase, Attempt, and control transition guards",T5.1.1,None,{LIFECYCLE} {PERSISTENCE} {SECURITY},atlas/core/lifecycle.py::LifecycleCoordinator (create); atlas/persistence/repositories/transitions.py (create); atlas/core/orchestrator.py::PipelineOrchestrator (refactor),incomplete,LATEST-ZIP:ATLAS_Task_Registry.json:AT-004; REQ-014..REQ-017; PDF:p.14-15; ADR-011; R-11
20,T5.1.4,E5,"Explicit lifecycle state machines, attempts, and fencing",Add model-based state-machine and invalid-transition verification,P0,14,AT-004,"Implement explicit Job, Phase, Attempt, and control transition guards","T5.1.2, T5.1.3",None,{LIFECYCLE} {RELEASE} {RECOVERY},tests/state_machine/ (create); tests/fixtures/state_sequences/ (create); atlas diagnostics transition errors (extend),incomplete,LATEST-ZIP:ATLAS_Task_Registry.json:AT-004; REQ-014..REQ-017; PDF:p.14-15; ADR-011; R-11
21,T6.1.1,E6,Registered sources and immutable intake generations,"Define `SourceRoot`, `IntakeGeneration`, and `ArtifactOccurrence` schemas",P0,14,AT-005,Introduce SourceRoot and accepted IntakeGeneration records,"T4.1.4, T5.1.4",None,{INTAKE} {PROVENANCE} {PERSISTENCE},atlas/artifacts/models.py::SourceRoot (create); atlas/artifacts/models.py::IntakeGeneration (create); atlas/artifacts/models.py::ArtifactOccurrence (create),incomplete,"LATEST-ZIP:ATLAS_Task_Registry.json:AT-005; REQ-003,REQ-014; PDF:p.6,p.12,p.16,p.31; ADR-013; GAP-001,GAP-004"
22,T6.1.2,E6,Registered sources and immutable intake generations,Implement bounded deterministic intake traversal,P0,16,AT-005,Introduce SourceRoot and accepted IntakeGeneration records,T6.1.1,None,{INTAKE} {SAFETY} {PERFORMANCE},atlas/intake/service.py::IntakeGenerationBuilder (create); atlas/safety/filesystem_discovery.py (refactor); atlas/phases/reconnaissance.py (refactor),incomplete,"LATEST-ZIP:ATLAS_Task_Registry.json:AT-005; REQ-003,REQ-014; PDF:p.6,p.12,p.16,p.31; ADR-013; GAP-001,GAP-004"
23,T6.1.3,E6,Registered sources and immutable intake generations,"Implement generation acceptance, manifest digests, and supersession",P0,14,AT-005,Introduce SourceRoot and accepted IntakeGeneration records,T6.1.1,None,{INTAKE} {PROVENANCE} {EVENTS},atlas/intake/service.py::accept_generation (create); atlas/persistence/repositories/intake.py (create); atlas/events intake events (extend),incomplete,"LATEST-ZIP:ATLAS_Task_Registry.json:AT-005; REQ-003,REQ-014; PDF:p.6,p.12,p.16,p.31; ADR-013; GAP-001,GAP-004"
24,T6.1.4,E6,Registered sources and immutable intake generations,Make all downstream phases consume accepted occurrence IDs only,P0,14,AT-005,Introduce SourceRoot and accepted IntakeGeneration records,"T6.1.2, T6.1.3",None,{INTAKE} {LIFECYCLE} {SECURITY},atlas/phases/fingerprinting.py (refactor); atlas/phases/structural_discovery.py (refactor); atlas/phases/extraction.py and analysis.py (refactor),incomplete,"LATEST-ZIP:ATLAS_Task_Registry.json:AT-005; REQ-003,REQ-014; PDF:p.6,p.12,p.16,p.31; ADR-013; GAP-001,GAP-004"
25,T7.1.1,E7,Persistent content identity and occurrence linkage,Define `ContentIdentity` and occurrence-to-content link contracts,P0,12,AT-006,Persist occurrence-to-content identity using canonical SHA-256,T6.1.4,None,{IDENTITY} {PROVENANCE} {PERSISTENCE},atlas/artifacts/models.py::ContentIdentity (create); atlas/artifacts/models.py::OccurrenceContentLink (create); content_identities and occurrence_content_links migrations (create),incomplete,"LATEST-ZIP:ATLAS_Task_Registry.json:AT-006; REQ-004,REQ-005; PDF:p.6,p.8,p.12,p.16,p.23,p.28,p.31; ADR-005,ADR-006; GAP-004,GAP-005"
26,T7.1.2,E7,Persistent content identity and occurrence linkage,Implement race-aware streaming hashing from accepted occurrences,P0,16,AT-006,Persist occurrence-to-content identity using canonical SHA-256,T7.1.1,None,{IDENTITY} {SECURITY} {PERFORMANCE},atlas/artifacts/identity.py::ContentIdentityService (create); atlas/storage/hash_store.py::HashStore (refactor); atlas/phases/fingerprinting.py (refactor),incomplete,"LATEST-ZIP:ATLAS_Task_Registry.json:AT-006; REQ-004,REQ-005; PDF:p.6,p.8,p.12,p.16,p.23,p.28,p.31; ADR-005,ADR-006; GAP-004,GAP-005"
27,T7.1.3,E7,Persistent content identity and occurrence linkage,Add persistent cross-run duplicate lookup and processing-reuse eligibility,P0,12,AT-006,Persist occurrence-to-content identity using canonical SHA-256,T7.1.1,None,{IDENTITY} {PROVENANCE} {PERFORMANCE},atlas/artifacts/identity.py::lookup_content (extend); atlas/persistence/repositories/content.py (create); atlas/phases/fingerprinting.py result contract (extend),incomplete,"LATEST-ZIP:ATLAS_Task_Registry.json:AT-006; REQ-004,REQ-005; PDF:p.6,p.8,p.12,p.16,p.23,p.28,p.31; ADR-005,ADR-006; GAP-004,GAP-005"
28,T7.1.4,E7,Persistent content identity and occurrence linkage,Preserve `HashStore` compatibility while removing process-local authority,P0,10,AT-006,Persist occurrence-to-content identity using canonical SHA-256,"T7.1.2, T7.1.3",None,{COMPATIBILITY} {IDENTITY} {OBSERVABILITY},atlas/storage/hash_store.py::HashStore (refactor); atlas/storage/__init__.py (extend); tests/compatibility/test_hash_store_v0_1.py (create),incomplete,"LATEST-ZIP:ATLAS_Task_Registry.json:AT-006; REQ-004,REQ-005; PDF:p.6,p.8,p.12,p.16,p.23,p.28,p.31; ADR-005,ADR-006; GAP-004,GAP-005"
29,T8.1.1,E8,Durable events and transactional outbox,Define versioned durable event and outbox schemas,P0,12,AT-007,"Make state transition, event history, and outbox atomic","T4.1.4, T5.1.4",None,{EVENTS} {PERSISTENCE} {COMPATIBILITY},atlas/events/models.py::DurableEvent (create); atlas/events/models.py::OutboxRecord (create); events and outbox migrations (create),incomplete,"LATEST-ZIP:ATLAS_Task_Registry.json:AT-007; REQ-013,REQ-024; PDF:p.10,p.13,p.18,p.23; ADR-004,ADR-012; R-08,R-14"
30,T8.1.2,E8,Durable events and transactional outbox,"Record state transitions, durable events, and outbox rows atomically",P0,16,AT-007,"Make state transition, event history, and outbox atomic",T8.1.1,None,{EVENTS} {PERSISTENCE} {LIFECYCLE},atlas/events/recorder.py::DurableEventRecorder (create); atlas/core/lifecycle.py (extend); atlas/core/job_store.py::store_event (refactor),incomplete,"LATEST-ZIP:ATLAS_Task_Registry.json:AT-007; REQ-013,REQ-024; PDF:p.10,p.13,p.18,p.23; ADR-004,ADR-012; R-08,R-14"
31,T8.1.3,E8,Durable events and transactional outbox,Implement the idempotent outbox dispatcher and delivery backpressure,P0,16,AT-007,"Make state transition, event history, and outbox atomic",T8.1.1,None,{EVENTS} {RECOVERY} {PERFORMANCE},atlas/events/dispatcher.py::OutboxDispatcher (create); atlas/core/event_bus.py (refactor); atlas/events/transports/base.py (create),incomplete,"LATEST-ZIP:ATLAS_Task_Registry.json:AT-007; REQ-013,REQ-024; PDF:p.10,p.13,p.18,p.23; ADR-004,ADR-012; R-08,R-14"
32,T8.1.4,E8,Durable events and transactional outbox,"Define progress-event sampling, retention, replay, and event diagnostics",P0,12,AT-007,"Make state transition, event history, and outbox atomic","T8.1.2, T8.1.3",None,{EVENTS} {OBSERVABILITY} {PERFORMANCE},atlas/events/policy.py (create); atlas/events/queries.py (create); atlas diagnostics events (extend),incomplete,"LATEST-ZIP:ATLAS_Task_Registry.json:AT-007; REQ-013,REQ-024; PDF:p.10,p.13,p.18,p.23; ADR-004,ADR-012; R-08,R-14"
33,T9.1.1,E9,"Durable progress, controls, safe points, and checkpoints","Define `PhaseContext`, progress, control-request, and checkpoint contracts",P0,14,AT-008,"Persist progress, control requests, safe points, and versioned checkpoints","T5.1.4, T8.1.4",None,{LIFECYCLE} {RECOVERY} {SECURITY},atlas/core/context.py::PhaseContext (create); atlas/models/controls.py (create); atlas/models/checkpoints.py (create),incomplete,"LATEST-ZIP:ATLAS_Task_Registry.json:AT-008; REQ-008,REQ-015,REQ-016; PDF:p.12,p.14,p.28; ADR-011; GAP-006,GAP-007"
34,T9.1.2,E9,"Durable progress, controls, safe points, and checkpoints",Persist live progress and deterministic job-level projections,P0,14,AT-008,"Persist progress, control requests, safe points, and versioned checkpoints",T9.1.1,None,{OBSERVABILITY} {PERSISTENCE} {PERFORMANCE},atlas/persistence/repositories/progress.py (create); atlas/phases/base.py::report_progress (refactor); atlas/status/projection.py (create),incomplete,"LATEST-ZIP:ATLAS_Task_Registry.json:AT-008; REQ-008,REQ-015,REQ-016; PDF:p.12,p.14,p.28; ADR-011; GAP-006,GAP-007"
35,T9.1.3,E9,"Durable progress, controls, safe points, and checkpoints",Implement durable control requests and safe-point acknowledgement,P0,16,AT-008,"Persist progress, control requests, safe points, and versioned checkpoints",T9.1.1,None,{LIFECYCLE} {RECOVERY} {SECURITY},atlas/core/control_service.py::ControlRequestService (create); atlas/phases/base.py::control_point (extend); atlas/cli.py::pause/resume/cancel (refactor),incomplete,"LATEST-ZIP:ATLAS_Task_Registry.json:AT-008; REQ-008,REQ-015,REQ-016; PDF:p.12,p.14,p.28; ADR-011; GAP-006,GAP-007"
36,T9.1.4,E9,"Durable progress, controls, safe points, and checkpoints","Implement checkpoint validation, resume decisions, and stale-checkpoint rejection",P0,16,AT-008,"Persist progress, control requests, safe points, and versioned checkpoints","T9.1.2, T9.1.3",None,{RECOVERY} {LIFECYCLE} {PROVENANCE},atlas/core/checkpoint_service.py::CheckpointService (create); atlas/phases/* checkpoint adapters (extend); atlas/persistence/repositories/checkpoints.py (create),incomplete,"LATEST-ZIP:ATLAS_Task_Registry.json:AT-008; REQ-008,REQ-015,REQ-016; PDF:p.12,p.14,p.28; ADR-011; GAP-006,GAP-007"
37,T10.1.1,E10,Canonical race-resistant source access,Specify source-access policy and platform capability contracts,P0,12,AT-009,Create one canonical race-resistant SourceAccess service,T6.1.4,None,{SAFETY} {SECURITY} {COMPATIBILITY},atlas/safety/source_access.py::SourceAccessPolicy (create); atlas/safety/path_safety.py (refactor); docs/security/source-access.md (create),incomplete,"LATEST-ZIP:ATLAS_Task_Registry.json:AT-009; REQ-011; PDF:p.13,p.23; R-03,R-04; E-ATL-016"
38,T10.1.2,E10,Canonical race-resistant source access,Implement handle-relative no-follow opens and occurrence verification,P0,16,AT-009,Create one canonical race-resistant SourceAccess service,T10.1.1,None,{SAFETY} {SECURITY} {PERFORMANCE},atlas/safety/source_access.py::SourceAccessService (create); atlas/safety/source_access_posix.py (create); atlas/safety/source_access_windows.py (create),incomplete,"LATEST-ZIP:ATLAS_Task_Registry.json:AT-009; REQ-011; PDF:p.13,p.23; R-03,R-04; E-ATL-016"
39,T10.1.3,E10,Canonical race-resistant source access,Create separate safe temporary and destination path services,P0,12,AT-009,Create one canonical race-resistant SourceAccess service,T10.1.1,None,{SAFETY} {STORAGE} {SECURITY},atlas/artifacts/workspace_paths.py (create); atlas/safety/destination_access.py (create); atlas/safety/tempfiles.py (create),incomplete,"LATEST-ZIP:ATLAS_Task_Registry.json:AT-009; REQ-011; PDF:p.13,p.23; R-03,R-04; E-ATL-016"
40,T10.1.4,E10,Canonical race-resistant source access,Route every built-in filesystem operation through canonical access services,P0,16,AT-009,Create one canonical race-resistant SourceAccess service,"T10.1.2, T10.1.3",None,{SAFETY} {ARCHITECTURE} {SECURITY},atlas/phases/* (refactor); atlas/safety/guardrails.py (create); tests/security/test_filesystem_authority.py (create),incomplete,"LATEST-ZIP:ATLAS_Task_Registry.json:AT-009; REQ-011; PDF:p.13,p.23; R-03,R-04; E-ATL-016"
41,T11.1.1,E11,"Quarantine, recursive archive budgets, and controlled materialization",Implement attempt-owned quarantine workspace lifecycle,P0,16,AT-010,Introduce quarantine workspaces and recursive cumulative archive budgets,"T7.1.4, T10.1.4",None,{SAFETY} {STORAGE} {RECOVERY},atlas/artifacts/workspace.py::WorkspaceManager (create); workspaces migration (create); atlas/core/runtime.py (extend),incomplete,"LATEST-ZIP:ATLAS_Task_Registry.json:AT-010; REQ-009,REQ-010,REQ-012; PDF:p.7,p.13,p.23,p.25; R-05; GAP-010,GAP-013"
42,T11.1.2,E11,"Quarantine, recursive archive budgets, and controlled materialization",Implement recursive structural inspection under cumulative archive budgets,P0,16,AT-010,Introduce quarantine workspaces and recursive cumulative archive budgets,T11.1.1,None,{SAFETY} {PERFORMANCE} {PROVENANCE},atlas/safety/archive_safety.py::ArchiveBudgetController (create); atlas/phases/structural_discovery.py (refactor); atlas/artifacts/structural_inspection.py (create),incomplete,"LATEST-ZIP:ATLAS_Task_Registry.json:AT-010; REQ-009,REQ-010,REQ-012; PDF:p.7,p.13,p.23,p.25; R-05; GAP-010,GAP-013"
43,T11.1.3,E11,"Quarantine, recursive archive budgets, and controlled materialization",Implement exact-report-bound `MaterializationService`,P0,16,AT-010,Introduce quarantine workspaces and recursive cumulative archive budgets,T11.1.1,None,{SAFETY} {STORAGE} {LIFECYCLE},atlas/artifacts/materialization.py::MaterializationService (create); atlas/phases/extraction.py (refactor); atlas/safety/archive_safety.py (extend),incomplete,"LATEST-ZIP:ATLAS_Task_Registry.json:AT-010; REQ-009,REQ-010,REQ-012; PDF:p.7,p.13,p.23,p.25; R-05; GAP-010,GAP-013"
44,T11.1.4,E11,"Quarantine, recursive archive budgets, and controlled materialization",Persist derivation edges and adversarial materialization evidence,P0,14,AT-010,Introduce quarantine workspaces and recursive cumulative archive budgets,"T11.1.2, T11.1.3",None,{PROVENANCE} {SAFETY} {RELEASE},atlas/artifacts/models.py::DerivationRecord (create); atlas/persistence/repositories/derivations.py (create); tests/fixtures/archives/adversarial/ (create),incomplete,"LATEST-ZIP:ATLAS_Task_Registry.json:AT-010; REQ-009,REQ-010,REQ-012; PDF:p.7,p.13,p.23,p.25; R-05; GAP-010,GAP-013"
45,T12.1.1,E12,Optional immutable local content store,Define `ContentStore` contracts and retention-mode semantics,P1,12,AT-011,Add an optional local immutable content-addressable store,"T7.1.4, T10.1.4",A4,{STORAGE} {IDENTITY} {CONFIGURATION},atlas/artifacts/store.py::ContentStore (create); atlas/config/phases.py::ContentRetentionPolicy (create); atlas/artifacts/models.py::BlobRecord (create),incomplete,"LATEST-ZIP:ATLAS_Task_Registry.json:AT-011; REQ-005,REQ-026,REQ-029; PDF:p.19,p.23,p.24,p.28; ADR-005; R-06,R-07"
46,T12.1.2,E12,Optional immutable local content store,"Implement staged, verified, no-replace local CAS writes",P1,16,AT-011,Add an optional local immutable content-addressable store,T12.1.1,None,{STORAGE} {SECURITY} {RECOVERY},atlas/artifacts/local_store.py::LocalContentStore (create); atlas/artifacts/store_paths.py (create); atlas/artifacts/identity.py (extend),incomplete,"LATEST-ZIP:ATLAS_Task_Registry.json:AT-011; REQ-005,REQ-026,REQ-029; PDF:p.19,p.23,p.24,p.28; ADR-005; R-06,R-07"
47,T12.1.3,E12,Optional immutable local content store,"Persist blob provenance, references, quotas, and replayability status",P1,14,AT-011,Add an optional local immutable content-addressable store,T12.1.1,None,{STORAGE} {PROVENANCE} {OBSERVABILITY},atlas/persistence/repositories/blobs.py (create); atlas/artifacts/store.py::ContentCaptureService (create); atlas/status/projection.py (extend),incomplete,"LATEST-ZIP:ATLAS_Task_Registry.json:AT-011; REQ-005,REQ-026,REQ-029; PDF:p.19,p.23,p.24,p.28; ADR-005; R-06,R-07"
48,T12.1.4,E12,Optional immutable local content store,Implement CAS integrity scans and orphan reconciliation hooks,P1,14,AT-011,Add an optional local immutable content-addressable store,"T12.1.2, T12.1.3",None,{STORAGE} {RECOVERY} {OPERATIONS},atlas/artifacts/reconcile.py::ContentStoreReconciler (create); atlas/cli.py::content verify/reconcile (extend); docs/operations/content-store-recovery.md (create),incomplete,"LATEST-ZIP:ATLAS_Task_Registry.json:AT-011; REQ-005,REQ-026,REQ-029; PDF:p.19,p.23,p.24,p.28; ADR-005; R-06,R-07"
49,T13.1.1,E13,Structural and extraction lineage contracts,Define and persist versioned `StructuralReport` records,P1,14,AT-012,Persist StructuralReport and ExtractionRecord as exact-byte contracts,"T11.1.4, T12.1.4",None,{PROVENANCE} {SAFETY} {PERSISTENCE},atlas/artifacts/models.py::StructuralReport (create); atlas/persistence/repositories/structures.py (create); atlas/phases/structural_discovery.py (refactor),incomplete,"LATEST-ZIP:ATLAS_Task_Registry.json:AT-012; REQ-009,REQ-028,REQ-029; PDF:p.6-8,p.16,p.28,p.31; ADR-013"
50,T13.1.2,E13,Structural and extraction lineage contracts,Define and persist `ExtractionRecord` and output manifests,P1,14,AT-012,Persist StructuralReport and ExtractionRecord as exact-byte contracts,T13.1.1,None,{PROVENANCE} {STORAGE} {RECOVERY},atlas/artifacts/models.py::ExtractionRecord (create); atlas/persistence/repositories/extractions.py (create); atlas/artifacts/materialization.py (extend),incomplete,"LATEST-ZIP:ATLAS_Task_Registry.json:AT-012; REQ-009,REQ-028,REQ-029; PDF:p.6-8,p.16,p.28,p.31; ADR-013"
51,T13.1.3,E13,Structural and extraction lineage contracts,"Enforce exact content, configuration, policy, and report binding before extraction",P1,14,AT-012,Persist StructuralReport and ExtractionRecord as exact-byte contracts,T13.1.1,None,{SAFETY} {LIFECYCLE} {SECURITY},atlas/phases/extraction.py::execute (refactor); atlas/artifacts/structural_validation.py (create); atlas/core/lifecycle.py (extend),incomplete,"LATEST-ZIP:ATLAS_Task_Registry.json:AT-012; REQ-009,REQ-028,REQ-029; PDF:p.6-8,p.16,p.28,p.31; ADR-013"
52,T13.1.4,E13,Structural and extraction lineage contracts,Add deterministic structure reuse and end-to-end lineage invariants,P1,14,AT-012,Persist StructuralReport and ExtractionRecord as exact-byte contracts,"T13.1.2, T13.1.3",None,{PROVENANCE} {PERFORMANCE} {COMPATIBILITY},atlas/artifacts/reuse.py::StructuralReusePolicy (create); atlas/artifacts/lineage.py (create); tests/lineage/ (create),incomplete,"LATEST-ZIP:ATLAS_Task_Registry.json:AT-012; REQ-009,REQ-028,REQ-029; PDF:p.6-8,p.16,p.28,p.31; ADR-013"
53,T14.1.1,E14,"Typed plugin contracts, registry, and trust policy","Define `PluginDescriptor`, `AnalysisContext`, and `AnalysisFinding` schemas",P1,16,AT-013,Define versioned typed plugin descriptors and a deterministic registry,"T3.1.4, T7.1.4",None,{PLUGINS} {SECURITY} {PROVENANCE},atlas/plugins/contracts.py::PluginDescriptor (create); atlas/plugins/contracts.py::AnalysisContext (create); atlas/plugins/contracts.py::AnalysisFinding (create),incomplete,"LATEST-ZIP:ATLAS_Task_Registry.json:AT-013; REQ-021,REQ-022,REQ-023,REQ-027; PDF:p.17,p.22,p.23; ADR-007,ADR-010; R-09,R-17,R-18"
54,T14.1.2,E14,"Typed plugin contracts, registry, and trust policy",Implement deterministic plugin discovery and registry snapshots,P1,16,AT-013,Define versioned typed plugin descriptors and a deterministic registry,T14.1.1,None,{PLUGINS} {ARCHITECTURE} {COMPATIBILITY},atlas/plugins/registry.py::PluginRegistry (create); atlas/core/runtime.py (extend); atlas/plugins/discovery.py (create),incomplete,"LATEST-ZIP:ATLAS_Task_Registry.json:AT-013; REQ-021,REQ-022,REQ-023,REQ-027; PDF:p.17,p.22,p.23; ADR-007,ADR-010; R-09,R-17,R-18"
55,T14.1.3,E14,"Typed plugin contracts, registry, and trust policy",Implement plugin capability and trust-tier policy,P1,14,AT-013,Define versioned typed plugin descriptors and a deterministic registry,T14.1.1,None,{PLUGINS} {SECURITY} {EXECUTION},atlas/plugins/policy.py::PluginTrustPolicy (create); atlas/plugins/registry.py (extend); atlas/config/phases.py::AnalysisConfig (extend),incomplete,"LATEST-ZIP:ATLAS_Task_Registry.json:AT-013; REQ-021,REQ-022,REQ-023,REQ-027; PDF:p.17,p.22,p.23; ADR-007,ADR-010; R-09,R-17,R-18"
56,T14.1.4,E14,"Typed plugin contracts, registry, and trust policy",Add the legacy `AnalyzerPlugin` adapter and lossless finding migration,P1,12,AT-013,Define versioned typed plugin descriptors and a deterministic registry,"T14.1.2, T14.1.3",None,{COMPATIBILITY} {PLUGINS} {PROVENANCE},atlas/phases/analysis.py::AnalyzerPlugin (refactor); atlas/plugins/legacy.py::LegacyAnalyzerAdapter (create); tests/compatibility/analyzers_v0_1/ (create),incomplete,"LATEST-ZIP:ATLAS_Task_Registry.json:AT-013; REQ-021,REQ-022,REQ-023,REQ-027; PDF:p.17,p.22,p.23; ADR-007,ADR-010; R-09,R-17,R-18"
57,T15.1.1,E15,ExecutionBackend contracts and trusted in-process execution,"Define immutable `WorkSpec`, `WorkResult`, and backend protocols",P1,16,AT-014,Separate lifecycle semantics from execution location with ExecutionBackend,"T5.1.4, T14.1.4",None,{EXECUTION} {LIFECYCLE} {SECURITY},atlas/execution/base.py::WorkSpec (create); atlas/execution/base.py::WorkResult (create); atlas/execution/base.py::ExecutionBackend (create),incomplete,"LATEST-ZIP:ATLAS_Task_Registry.json:AT-014; REQ-022,REQ-030; PDF:p.17,p.19-21; ADR-008,ADR-010"
58,T15.1.2,E15,ExecutionBackend contracts and trusted in-process execution,Implement the trusted `InProcessBackend`,P1,16,AT-014,Separate lifecycle semantics from execution location with ExecutionBackend,T15.1.1,None,{EXECUTION} {PLUGINS} {RECOVERY},atlas/execution/inprocess.py::InProcessBackend (create); atlas/core/runtime.py (extend); atlas/plugins/registry.py (extend),incomplete,"LATEST-ZIP:ATLAS_Task_Registry.json:AT-014; REQ-022,REQ-030; PDF:p.17,p.19-21; ADR-008,ADR-010"
59,T15.1.3,E15,ExecutionBackend contracts and trusted in-process execution,Implement coordinator-side result validation and commit,P1,16,AT-014,Separate lifecycle semantics from execution location with ExecutionBackend,T15.1.1,None,{EXECUTION} {LIFECYCLE} {SECURITY},atlas/core/lifecycle.py::accept_work_result (create); atlas/execution/validation.py (create); atlas/persistence/repositories/work_results.py (create),incomplete,"LATEST-ZIP:ATLAS_Task_Registry.json:AT-014; REQ-022,REQ-030; PDF:p.17,p.19-21; ADR-008,ADR-010"
60,T15.1.4,E15,ExecutionBackend contracts and trusted in-process execution,Create the reusable backend conformance and fault suite,P1,14,AT-014,Separate lifecycle semantics from execution location with ExecutionBackend,"T15.1.2, T15.1.3",None,{EXECUTION} {RELEASE} {COMPATIBILITY},tests/execution/conformance.py (create); tests/execution/fixtures/ (create); atlas/execution/testing.py (create),incomplete,"LATEST-ZIP:ATLAS_Task_Registry.json:AT-014; REQ-022,REQ-030; PDF:p.17,p.19-21; ADR-008,ADR-010"
61,T16.1.1,E16,"Phase-internal work items, deterministic reuse, and unified budgets",Define durable `WorkItem` and phase-barrier semantics,P1,14,NEW-REFINEMENT,Phase-internal work/reuse/resource refinement,"T8.1.4, T9.1.4, T12.1.4, T13.1.4, T15.1.4",None,{EXECUTION} {LIFECYCLE} {ARCHITECTURE},atlas/models/work_items.py::WorkItem (create); atlas/core/work_planner.py (create); docs/architecture/work-items.md (create),incomplete,"Earlier deep-review refinement incorporated under latest-ZIP authority; LATEST-ZIP:ATLAS_Evidence_Driven_Architecture_Blueprint.md:#8 Phase-internal worksets and content-derived memoization; #13 ExecutionBackend; #24 Performance; PROMPT:Pasted markdown (2).md:Stage 5; ADR-001,ADR-008; R-17"
62,T16.1.2,E16,"Phase-internal work items, deterministic reuse, and unified budgets",Implement the bounded local work-item scheduler and aggregation path,P1,16,NEW-REFINEMENT,Phase-internal work/reuse/resource refinement,T16.1.1,None,{EXECUTION} {PERFORMANCE} {RECOVERY},atlas/core/work_scheduler.py (create); atlas/persistence/repositories/work_items.py (create); atlas/core/work_aggregator.py (create),incomplete,"Earlier deep-review refinement incorporated under latest-ZIP authority; LATEST-ZIP:ATLAS_Evidence_Driven_Architecture_Blueprint.md:#8 Phase-internal worksets and content-derived memoization; #13 ExecutionBackend; #24 Performance; PROMPT:Pasted markdown (2).md:Stage 5; ADR-001,ADR-008; R-17"
63,T16.1.3,E16,"Phase-internal work items, deterministic reuse, and unified budgets",Implement exact-key deterministic result reuse,P1,16,NEW-REFINEMENT,Phase-internal work/reuse/resource refinement,T16.1.1,None,{PERFORMANCE} {PROVENANCE} {SECURITY},atlas/artifacts/reuse.py::DeterministicResultIndex (create); atlas/core/reuse_service.py (create); analysis/structure work planners (extend),incomplete,"Earlier deep-review refinement incorporated under latest-ZIP authority; LATEST-ZIP:ATLAS_Evidence_Driven_Architecture_Blueprint.md:#8 Phase-internal worksets and content-derived memoization; #13 ExecutionBackend; #24 Performance; PROMPT:Pasted markdown (2).md:Stage 5; ADR-001,ADR-008; R-17"
64,T16.1.4,E16,"Phase-internal work items, deterministic reuse, and unified budgets",Implement a unified hierarchical `ResourceBudgetManager`,P1,16,NEW-REFINEMENT,Phase-internal work/reuse/resource refinement,"T16.1.2, T16.1.3",None,{PERFORMANCE} {SECURITY} {OBSERVABILITY},atlas/resources/budgets.py::ResourceBudgetManager (create); atlas/core/context.py (extend); atlas/status/projection.py (extend),incomplete,"Earlier deep-review refinement incorporated under latest-ZIP authority; LATEST-ZIP:ATLAS_Evidence_Driven_Architecture_Blueprint.md:#8 Phase-internal worksets and content-derived memoization; #13 ExecutionBackend; #24 Performance; PROMPT:Pasted markdown (2).md:Stage 5; ADR-001,ADR-008; R-17"
65,T17.1.1,E17,"Durable findings, evidence, review, and publication",Persist normalized analysis findings and typed relationships,P1,16,AT-015,"Implement first-class findings, evidence, decisions, and publication attempts","T7.1.4, T8.1.4, T13.1.4, T14.1.4",None,{REVIEW} {PROVENANCE} {PLUGINS} {PERSISTENCE},atlas/models/findings.py::AnalysisFinding (create); atlas/review/repository.py::FindingRepository (create); atlas/phases/analyze.py (refactor); atlas/schema/migrations/*_analysis_findings.sql (create),incomplete,"LATEST-ZIP:ATLAS_Task_Registry.json:AT-015; REQ-019,REQ-020,REQ-027,REQ-028; PDF:p.8,p.16,p.21,p.22,p.23,p.31; ADR-009; GAP-011,GAP-015"
66,T17.1.2,E17,"Durable findings, evidence, review, and publication",Define and persist evidence records with explicit provenance and confidence,P1,16,AT-015,"Implement first-class findings, evidence, decisions, and publication attempts",T17.1.1,None,{REVIEW} {PROVENANCE} {SECURITY} {PERSISTENCE},atlas/models/evidence.py::EvidenceRecord (create); atlas/review/evidence.py::EvidenceService (create); atlas/review/repository.py::EvidenceRepository (create); atlas/schema/migrations/*_evidence.sql (create),incomplete,"LATEST-ZIP:ATLAS_Task_Registry.json:AT-015; REQ-019,REQ-020,REQ-027,REQ-028; PDF:p.8,p.16,p.21,p.22,p.23,p.31; ADR-009; GAP-011,GAP-015"
67,T17.1.3,E17,"Durable findings, evidence, review, and publication",Implement evidence-bound promotion decisions and review policy,P1,16,AT-015,"Implement first-class findings, evidence, decisions, and publication attempts",T17.1.1,A6,{REVIEW} {SECURITY} {LIFECYCLE} {COMPATIBILITY},atlas/models/review.py::PromotionDecision (create); atlas/review/service.py::ReviewService (create); atlas/review/policy.py::ReviewPolicy (create); atlas/phases/review.py (refactor); atlas/schema/migrations/*_promotion_decisions.sql (create),incomplete,"LATEST-ZIP:ATLAS_Task_Registry.json:AT-015; REQ-019,REQ-020,REQ-027,REQ-028; PDF:p.8,p.16,p.21,p.22,p.23,p.31; ADR-009; GAP-011,GAP-015"
68,T17.1.4,E17,"Durable findings, evidence, review, and publication",Implement staged idempotent publication and bidirectional lineage,P1,16,AT-015,"Implement first-class findings, evidence, decisions, and publication attempts","T17.1.2, T17.1.3",None,{REVIEW} {RECOVERY} {PROVENANCE} {SECURITY},atlas/models/publication.py (create); atlas/review/publication.py::PublicationCoordinator (create); atlas/review/adapters.py::PublicationAdapter (create); atlas/schema/migrations/*_publications.sql (create); atlas/cli.py (extend),incomplete,"LATEST-ZIP:ATLAS_Task_Registry.json:AT-015; REQ-019,REQ-020,REQ-027,REQ-028; PDF:p.8,p.16,p.21,p.22,p.23,p.31; ADR-009; GAP-011,GAP-015"
69,T18.1.1,E18,"Retry, timeout, idempotency, reconciliation, and crash recovery",Define the error taxonomy and operation-semantics registry,P1,14,AT-016,"Define retries, timeouts, idempotency, reconciliation, and crash recovery per phase","T9.1.4, T15.1.4, T17.1.4",None,{RECOVERY} {LIFECYCLE} {PLUGINS} {SECURITY},atlas/errors.py::AtlasError (refactor); atlas/recovery/semantics.py::OperationSemantics (create); atlas/recovery/registry.py::OperationSemanticsRegistry (create); docs/operations/operation-semantics.md (create),incomplete,"LATEST-ZIP:ATLAS_Task_Registry.json:AT-016; REQ-017; PDF:p.14-15,p.24,p.27; ADR-011; R-08,R-09,R-11"
70,T18.1.2,E18,"Retry, timeout, idempotency, reconciliation, and crash recovery","Implement retry, deadline, timeout, and idempotency policy",P1,16,AT-016,"Define retries, timeouts, idempotency, reconciliation, and crash recovery per phase",T18.1.1,None,{RECOVERY} {PERSISTENCE} {SECURITY} {OBSERVABILITY},atlas/recovery/policy.py::RetryPolicyResolver (create); atlas/recovery/idempotency.py::IdempotencyService (create); atlas/core/coordinator.py (extend); atlas/schema/migrations/*_recovery_policy.sql (create),incomplete,"LATEST-ZIP:ATLAS_Task_Registry.json:AT-016; REQ-017; PDF:p.14-15,p.24,p.27; ADR-011; R-08,R-09,R-11"
71,T18.1.3,E18,"Retry, timeout, idempotency, reconciliation, and crash recovery",Implement startup reconciliation and deterministic recovery decisions,P1,16,AT-016,"Define retries, timeouts, idempotency, reconciliation, and crash recovery per phase",T18.1.1,None,{RECOVERY} {LIFECYCLE} {PERSISTENCE} {OPERATIONS},atlas/recovery/service.py::RecoveryService (create); atlas/recovery/reconcilers.py (create); atlas/core/runtime.py (extend); atlas/status/projection.py (extend),incomplete,"LATEST-ZIP:ATLAS_Task_Registry.json:AT-016; REQ-017; PDF:p.14-15,p.24,p.27; ADR-011; R-08,R-09,R-11"
72,T18.1.4,E18,"Retry, timeout, idempotency, reconciliation, and crash recovery",Build the phase-by-phase crash and replay verification matrix,P1,16,AT-016,"Define retries, timeouts, idempotency, reconciliation, and crash recovery per phase","T18.1.2, T18.1.3",None,{RECOVERY} {RELEASE} {SECURITY} {EVIDENCE},tests/faults/crash_matrix/ (create); tests/integration/test_recovery_matrix.py (create); scripts/run_recovery_matrix.py (create); docs/operations/recovery-matrix.md (create),incomplete,"LATEST-ZIP:ATLAS_Task_Registry.json:AT-016; REQ-017; PDF:p.14-15,p.24,p.27; ADR-011; R-08,R-09,R-11"
73,T19.1.1,E19,Long-running local runtime ownership,"Define the daemon lifecycle, configuration, and ownership contract",P1,12,AT-017,Add a long-running local daemon as the authoritative active-job owner,"T5.1.4, T9.1.4, T18.1.4",None,{OPERATIONS} {LIFECYCLE} {SECURITY} {CONFIGURATION},atlas/service/daemon.py::AtlasDaemon (create); atlas/service/config.py::DaemonConfig (create); atlas/core/runtime.py (refactor); docs/operations/daemon.md (create),incomplete,"LATEST-ZIP:ATLAS_Task_Registry.json:AT-017; REQ-014,REQ-015; PDF:p.14,p.21,p.27; GAP-007; ADR-008"
74,T19.1.2,E19,Long-running local runtime ownership,"Implement durable claims, leases, heartbeats, and fenced execution",P1,16,AT-017,Add a long-running local daemon as the authoritative active-job owner,T19.1.1,None,{LIFECYCLE} {PERSISTENCE} {SECURITY} {RECOVERY},atlas/models/claims.py::JobClaim (create); atlas/service/claims.py::ClaimService (create); atlas/core/coordinator.py (extend); atlas/schema/migrations/*_claims.sql (create),incomplete,"LATEST-ZIP:ATLAS_Task_Registry.json:AT-017; REQ-014,REQ-015; PDF:p.14,p.21,p.27; GAP-007; ADR-008"
75,T19.1.3,E19,Long-running local runtime ownership,Route CLI and Python controls through canonical command and status services,P1,14,AT-017,Add a long-running local daemon as the authoritative active-job owner,T19.1.1,None,{API} {COMPATIBILITY} {LIFECYCLE} {SECURITY},atlas/service/commands.py::CommandService (create); atlas/status/service.py::StatusService (create); atlas/cli.py (refactor); atlas/__init__.py (extend),incomplete,"LATEST-ZIP:ATLAS_Task_Registry.json:AT-017; REQ-014,REQ-015; PDF:p.14,p.21,p.27; GAP-007; ADR-008"
76,T19.1.4,E19,Long-running local runtime ownership,"Verify graceful shutdown, forced restart, and orphan containment",P1,16,AT-017,Add a long-running local daemon as the authoritative active-job owner,"T19.1.2, T19.1.3",None,{OPERATIONS} {RECOVERY} {SECURITY} {RELEASE},atlas/service/shutdown.py (create); atlas/service/daemon.py (extend); tests/integration/test_daemon_recovery.py (create); docs/operations/daemon-runbook.md (create),incomplete,"LATEST-ZIP:ATLAS_Task_Registry.json:AT-017; REQ-014,REQ-015; PDF:p.14,p.21,p.27; GAP-007; ADR-008"
77,T20.1.1,E20,"Canonical status, telemetry, health, and diagnostics","Define structured logging, correlation, error catalog, and redaction",P1,12,AT-018,"Provide canonical status, telemetry, health, and diagnostic bundles","T8.1.4, T9.1.4, T18.1.4, T19.1.4",None,{OBSERVABILITY} {SECURITY} {LIFECYCLE} {COMPATIBILITY},atlas/telemetry/logging.py (create); atlas/telemetry/errors.py::ErrorCatalog (create); atlas/telemetry/redaction.py (create); atlas/core/runtime.py (extend),incomplete,"LATEST-ZIP:ATLAS_Task_Registry.json:AT-018; REQ-008,REQ-013,REQ-029; PDF:p.18-19,p.21,p.27; R-15"
78,T20.1.2,E20,"Canonical status, telemetry, health, and diagnostics",Implement bounded metrics and optional distributed tracing,P1,14,AT-018,"Provide canonical status, telemetry, health, and diagnostic bundles",T20.1.1,None,{OBSERVABILITY} {PERFORMANCE} {SECURITY} {OPERATIONS},atlas/telemetry/metrics.py::MetricsAdapter (create); atlas/telemetry/tracing.py::TraceAdapter (create); docs/operations/metrics-catalog.md (create); tests/telemetry/ (create),incomplete,"LATEST-ZIP:ATLAS_Task_Registry.json:AT-018; REQ-008,REQ-013,REQ-029; PDF:p.18-19,p.21,p.27; R-15"
79,T20.1.3,E20,"Canonical status, telemetry, health, and diagnostics",Build the canonical versioned job status projection,P1,16,AT-018,"Provide canonical status, telemetry, health, and diagnostic bundles",T20.1.1,None,{OBSERVABILITY} {PERSISTENCE} {API} {COMPATIBILITY},atlas/status/models.py::JobStatusV1 (create); atlas/status/projection.py::StatusProjection (create); atlas/status/service.py (extend); atlas/cli.py (extend),incomplete,"LATEST-ZIP:ATLAS_Task_Registry.json:AT-018; REQ-008,REQ-013,REQ-029; PDF:p.18-19,p.21,p.27; R-15"
80,T20.1.4,E20,"Canonical status, telemetry, health, and diagnostics","Implement health, readiness, and sanitized diagnostic bundles",P1,14,AT-018,"Provide canonical status, telemetry, health, and diagnostic bundles","T20.1.2, T20.1.3",None,{OBSERVABILITY} {OPERATIONS} {SECURITY} {EVIDENCE},atlas/status/health.py (create); atlas/diagnostics/bundle.py::DiagnosticBundleBuilder (create); atlas/cli.py (extend); docs/operations/diagnostics.md (create),incomplete,"LATEST-ZIP:ATLAS_Task_Registry.json:AT-018; REQ-008,REQ-013,REQ-029; PDF:p.18-19,p.21,p.27; R-15"
81,T21.1.1,E21,Versioned external command and event adapters,"Define versioned external command, status, and error schemas",P2,14,AT-019,"Implement REST, RabbitMQ, and webhook adapters over the shared command/event contracts","T8.1.4, T19.1.4, T20.1.4",None,{API} {COMPATIBILITY} {SECURITY} {LIFECYCLE},atlas/api/contracts.py (create); atlas/service/commands.py (extend); atlas/status/models.py (extend); docs/api/contracts-v1.md (create),incomplete,"LATEST-ZIP:ATLAS_Task_Registry.json:AT-019; REQ-024,REQ-025,REQ-030; PDF:p.18,p.19,p.21,p.27; GAP-006; ADR-004"
82,T21.1.2,E21,Versioned external command and event adapters,Implement REST v1 and generate the OpenAPI contract,P2,16,AT-019,"Implement REST, RabbitMQ, and webhook adapters over the shared command/event contracts",T21.1.1,None,{API} {SECURITY} {OBSERVABILITY} {COMPATIBILITY},atlas/api/rest.py (create); atlas/api/dependencies.py (create); openapi/atlas-v1.yaml (create); tests/api/ (create),incomplete,"LATEST-ZIP:ATLAS_Task_Registry.json:AT-019; REQ-024,REQ-025,REQ-030; PDF:p.18,p.19,p.21,p.27; GAP-006; ADR-004"
83,T21.1.3,E21,Versioned external command and event adapters,Implement outbox-backed RabbitMQ event delivery,P2,16,AT-019,"Implement REST, RabbitMQ, and webhook adapters over the shared command/event contracts",T21.1.1,None,{EVENTS} {API} {RECOVERY} {SECURITY},atlas/events/rabbitmq.py (refactor); atlas/events/dispatcher.py (extend); atlas/events/contracts.py (extend); tests/events/test_rabbitmq_transport.py (create),incomplete,"LATEST-ZIP:ATLAS_Task_Registry.json:AT-019; REQ-024,REQ-025,REQ-030; PDF:p.18,p.19,p.21,p.27; GAP-006; ADR-004"
84,T21.1.4,E21,Versioned external command and event adapters,Implement signed idempotent webhook notifications,P2,14,AT-019,"Implement REST, RabbitMQ, and webhook adapters over the shared command/event contracts","T21.1.2, T21.1.3",None,{EVENTS} {SECURITY} {API} {RECOVERY},atlas/events/webhooks.py::WebhookDispatcher (create); atlas/models/webhooks.py (create); atlas/schema/migrations/*_webhooks.sql (create); docs/integrations/webhooks.md (create),incomplete,"LATEST-ZIP:ATLAS_Task_Registry.json:AT-019; REQ-024,REQ-025,REQ-030; PDF:p.18,p.19,p.21,p.27; GAP-006; ADR-004"
85,T22.1.1,E22,Subprocess plugin isolation and enforceable resource controls,Define the subprocess protocol and mediated artifact contract,P2,14,AT-020,Add subprocess execution with mediated artifacts and enforceable limits,"T14.1.4, T15.1.4, T16.1.4, T18.1.4",None,{EXECUTION} {PLUGINS} {SECURITY} {COMPATIBILITY},atlas/execution/subprocess.py::SubprocessBackend (create); atlas/execution/protocol.py (create); atlas/execution/artifact_access.py (extend); docs/plugins/subprocess-protocol.md (create),incomplete,"LATEST-ZIP:ATLAS_Task_Registry.json:AT-020; REQ-022; PDF:p.17,p.22,p.23,p.27; ADR-010; GAP-014"
86,T22.1.2,E22,Subprocess plugin isolation and enforceable resource controls,"Implement deterministic process lifecycle, timeout, and tree termination",P2,16,AT-020,Add subprocess execution with mediated artifacts and enforceable limits,T22.1.1,None,{EXECUTION} {RECOVERY} {SECURITY} {OPERATIONS},atlas/execution/process_supervisor.py (create); atlas/execution/subprocess.py (extend); atlas/recovery/reconcilers.py (extend); tests/execution/hostile_plugins/ (create),incomplete,"LATEST-ZIP:ATLAS_Task_Registry.json:AT-020; REQ-022; PDF:p.17,p.22,p.23,p.27; ADR-010; GAP-014"
87,T22.1.3,E22,Subprocess plugin isolation and enforceable resource controls,"Enforce subprocess resource, network, tool, and secret policy",P2,16,AT-020,Add subprocess execution with mediated artifacts and enforceable limits,T22.1.1,None,{EXECUTION} {SECURITY} {PERFORMANCE} {PLUGINS},atlas/execution/limits.py (create); atlas/execution/capabilities.py::CapabilityGrant (extend); atlas/security/plugin_policy.py (extend); docs/security/subprocess-enforcement-matrix.md (create),incomplete,"LATEST-ZIP:ATLAS_Task_Registry.json:AT-020; REQ-022; PDF:p.17,p.22,p.23,p.27; ADR-010; GAP-014"
88,T22.1.4,E22,Subprocess plugin isolation and enforceable resource controls,Establish hostile-plugin and backend conformance gates,P2,16,AT-020,Add subprocess execution with mediated artifacts and enforceable limits,"T22.1.2, T22.1.3",None,{RELEASE} {SECURITY} {EXECUTION} {EVIDENCE},tests/execution/hostile_plugins/ (extend); tests/execution/test_backend_conformance.py (extend); scripts/run_plugin_isolation_matrix.py (create); .github/workflows/plugin-isolation.yml (create),incomplete,"LATEST-ZIP:ATLAS_Task_Registry.json:AT-020; REQ-022; PDF:p.17,p.22,p.23,p.27; ADR-010; GAP-014"
89,T23.1.1,E23,"Retention, compatibility, plugin SDK, and source-provider evolution",Define retention classes and implement reference-safe cleanup,P2,16,NEW-REFINEMENT,Retention/compatibility/SDK/source-provider refinement,"T12.1.4, T17.1.4",A7,{OPERATIONS} {STORAGE} {PROVENANCE} {SECURITY},atlas/retention/models.py (create); atlas/retention/service.py::RetentionManager (create); atlas/schema/migrations/*_retention.sql (create); docs/operations/retention.md (create),incomplete,"Earlier deep-review refinement incorporated under latest-ZIP authority; LATEST-ZIP:ATLAS_Evidence_Driven_Architecture_Blueprint.md:#8,#13,#22,#27,#29; PROMPT:Pasted markdown (2).md:Stages 3,7,8,13,15; PDF:p.17,p.18,p.24,p.26,p.28; REQ-021,REQ-023,REQ-029; ADR-012"
90,T23.1.2,E23,"Retention, compatibility, plugin SDK, and source-provider evolution",Implement the compatibility catalog and deprecation telemetry,P2,14,NEW-REFINEMENT,Retention/compatibility/SDK/source-provider refinement,"T3.1.4, T4.1.4, T8.1.4, T14.1.4, T18.1.4",None,{COMPATIBILITY} {ARCHITECTURE} {OBSERVABILITY} {RELEASE},atlas/compat/catalog.py::CompatibilityCatalog (create); atlas/compat/translators.py (create); atlas/status/projection.py (extend); docs/compatibility.md (create),incomplete,"Earlier deep-review refinement incorporated under latest-ZIP authority; LATEST-ZIP:ATLAS_Evidence_Driven_Architecture_Blueprint.md:#8,#13,#22,#27,#29; PROMPT:Pasted markdown (2).md:Stages 3,7,8,13,15; PDF:p.17,p.18,p.24,p.26,p.28; REQ-021,REQ-023,REQ-029; ADR-012"
91,T23.1.3,E23,"Retention, compatibility, plugin SDK, and source-provider evolution","Deliver the plugin SDK, fixtures, and contract-validation CLI",P2,16,NEW-REFINEMENT,Retention/compatibility/SDK/source-provider refinement,"T14.1.4, T15.1.4, T22.1.4",None,{DX} {PLUGINS} {COMPATIBILITY} {SECURITY},atlas/plugin_sdk/ (create); atlas/cli.py (extend); examples/plugins/ (create); docs/plugins/sdk.md (create),incomplete,"Earlier deep-review refinement incorporated under latest-ZIP authority; LATEST-ZIP:ATLAS_Evidence_Driven_Architecture_Blueprint.md:#8,#13,#22,#27,#29; PROMPT:Pasted markdown (2).md:Stages 3,7,8,13,15; PDF:p.17,p.18,p.24,p.26,p.28; REQ-021,REQ-023,REQ-029; ADR-012"
92,T23.1.4,E23,"Retention, compatibility, plugin SDK, and source-provider evolution",Define the source-provider extension contract and defer unsupported providers,P2,12,NEW-REFINEMENT,Retention/compatibility/SDK/source-provider refinement,"T6.1.4, T10.1.4, T14.1.4",None,{INTAKE} {PLUGINS} {SECURITY} {COMPATIBILITY},atlas/sources/provider.py::SourceProvider (create); atlas/sources/registry.py::SourceProviderRegistry (create); atlas/sources/local.py (refactor); docs/architecture/source-providers.md (create),incomplete,"Earlier deep-review refinement incorporated under latest-ZIP authority; LATEST-ZIP:ATLAS_Evidence_Driven_Architecture_Blueprint.md:#8,#13,#22,#27,#29; PROMPT:Pasted markdown (2).md:Stages 3,7,8,13,15; PDF:p.17,p.18,p.24,p.26,p.28; REQ-021,REQ-023,REQ-029; ADR-012"
93,T24.1.1,E24,"Continuous quality, packaging, benchmarks, and release evidence",Define the supported-platform matrix and mandatory CI policy,P1,14,AT-024,Establish continuous release-quality gates and benchmark evidence,T2.1.4,A3,{RELEASE} {COMPATIBILITY} {SECURITY} {EVIDENCE},.github/workflows/quality.yml (create); pyproject.toml (extend); docs/development/quality-gates.md (create); docs/compatibility.md (extend),incomplete,"LATEST-ZIP:ATLAS_Task_Registry.json:AT-024; REQ-029; PDF:p.20,p.24,p.26,p.27,p.28; R-16; ATLAS:.github/workflows/tests.yml:L1-L34 (frozen assessment citation)"
94,T24.1.2,E24,"Continuous quality, packaging, benchmarks, and release evidence","Add state-machine, migration, crash, adversarial, compatibility, and fuzz gates",P1,16,AT-024,Establish continuous release-quality gates and benchmark evidence,"T5.1.4, T11.1.4, T18.1.4, T22.1.4",None,{RELEASE} {RECOVERY} {SECURITY} {COMPATIBILITY},.github/workflows/verification.yml (create); tests/property/ (create); tests/fuzz/ (create); tests/fixtures/adversarial/ (create),incomplete,"LATEST-ZIP:ATLAS_Task_Registry.json:AT-024; REQ-029; PDF:p.20,p.24,p.26,p.27,p.28; R-16; ATLAS:.github/workflows/tests.yml:L1-L34 (frozen assessment citation)"
95,T24.1.3,E24,"Continuous quality, packaging, benchmarks, and release evidence","Produce reproducible packages, SBOMs, provenance, and integrity manifests",P1,16,AT-024,Establish continuous release-quality gates and benchmark evidence,"T24.1.1, T4.1.4, T23.1.2",None,{RELEASE} {SECURITY} {PROVENANCE} {COMPATIBILITY},pyproject.toml (extend); scripts/build_release.py (create); .github/workflows/release.yml (create); SECURITY.md (create); CONTRIBUTING.md (create),incomplete,"LATEST-ZIP:ATLAS_Task_Registry.json:AT-024; REQ-029; PDF:p.20,p.24,p.26,p.27,p.28; R-16; ATLAS:.github/workflows/tests.yml:L1-L34 (frozen assessment citation)"
96,T24.1.4,E24,"Continuous quality, packaging, benchmarks, and release evidence","Build representative benchmarks, soak tests, and release rollback evidence",P1,16,AT-024,Establish continuous release-quality gates and benchmark evidence,"T24.1.2, T24.1.3, T23.1.1",None,{PERFORMANCE} {RELEASE} {RECOVERY} {OPERATIONS},benchmarks/ (create); tests/soak/ (create); scripts/release_evidence.py (create); docs/operations/release-and-rollback.md (create),incomplete,"LATEST-ZIP:ATLAS_Task_Registry.json:AT-024; REQ-029; PDF:p.20,p.24,p.26,p.27,p.28; R-16; ATLAS:.github/workflows/tests.yml:L1-L34 (frozen assessment citation)"
97,T25.1.1,E25,Measured optional PostgreSQL and object-storage adapters,Define and approve quantitative scale-adapter trigger evidence,P3,12,AT-021,Add PostgreSQL and object-storage adapters only after measured trigger conditions,"T4.1.4, T12.1.4, T18.1.4, T24.1.4",A8,{SCALE} {PERFORMANCE} {EVIDENCE} {ARCHITECTURE},docs/decisions/scale-adapter-trigger.md (create); benchmarks/scale_triggers/ (create); atlas/config/scale.py (create); ATLAS_Production_Task_Crosswalk.csv (extend),incomplete,"LATEST-ZIP:ATLAS_Task_Registry.json:AT-021; REQ-026,REQ-030; PDF:p.2,p.19,p.21,p.27; ADR-003; OQ-007"
98,T25.1.2,E25,Measured optional PostgreSQL and object-storage adapters,Finalize backend conformance and one-authority migration contracts,P3,14,AT-021,Add PostgreSQL and object-storage adapters only after measured trigger conditions,T25.1.1,None,{SCALE} {PERSISTENCE} {STORAGE} {RECOVERY},atlas/persistence/conformance.py (extend); atlas/storage/conformance.py (extend); atlas/migration/backend.py (create); docs/architecture/backend-conformance.md (create),incomplete,"LATEST-ZIP:ATLAS_Task_Registry.json:AT-021; REQ-026,REQ-030; PDF:p.2,p.19,p.21,p.27; ADR-003; OQ-007"
99,T25.1.3,E25,Measured optional PostgreSQL and object-storage adapters,Implement and validate the optional PostgreSQL StateStore,P3,16,AT-021,Add PostgreSQL and object-storage adapters only after measured trigger conditions,T25.1.1,None,{SCALE} {PERSISTENCE} {RECOVERY} {SECURITY},atlas/persistence/postgres.py::PostgresStateStore (create); atlas/schema/postgres/ (create); atlas/config/persistence.py (extend); tests/persistence/test_postgres_conformance.py (create),incomplete,"LATEST-ZIP:ATLAS_Task_Registry.json:AT-021; REQ-026,REQ-030; PDF:p.2,p.19,p.21,p.27; ADR-003; OQ-007"
100,T25.1.4,E25,Measured optional PostgreSQL and object-storage adapters,Implement and validate the optional object-backed ContentStore,P3,16,AT-021,Add PostgreSQL and object-storage adapters only after measured trigger conditions,"T25.1.2, T25.1.3",None,{SCALE} {STORAGE} {IDENTITY} {SECURITY},atlas/storage/object_store.py::ObjectContentStore (create); atlas/config/storage.py (extend); atlas/migration/content.py (create); tests/storage/test_object_store_conformance.py (create),incomplete,"LATEST-ZIP:ATLAS_Task_Registry.json:AT-021; REQ-026,REQ-030; PDF:p.2,p.19,p.21,p.27; ADR-003; OQ-007"
101,T26.1.1,E26,Optional remote worker execution,Define the authenticated remote worker protocol and compatibility handshake,P3,16,AT-022,"Add remote workers with leases, fencing, and the existing WorkSpec contract","T15.1.4, T18.1.4, T21.1.4, T25.1.4",None,{SCALE} {EXECUTION} {SECURITY} {COMPATIBILITY},atlas/execution/remote_protocol.py (create); atlas/execution/remote.py::RemoteExecutionBackend (create); atlas/worker/contracts.py (create); docs/architecture/remote-worker-protocol.md (create),incomplete,"LATEST-ZIP:ATLAS_Task_Registry.json:AT-022; REQ-026,REQ-030; PDF:p.19,p.21,p.27,p.29; R-11,R-17; Option C deferred"
102,T26.1.2,E26,Optional remote worker execution,Implement the least-privileged remote worker service,P3,16,AT-022,"Add remote workers with leases, fencing, and the existing WorkSpec contract",T26.1.1,None,{SCALE} {EXECUTION} {SECURITY} {STORAGE},atlas/worker/service.py::AtlasWorker (create); atlas/worker/config.py (create); atlas/worker/artifacts.py (create); docs/operations/worker.md (create),incomplete,"LATEST-ZIP:ATLAS_Task_Registry.json:AT-022; REQ-026,REQ-030; PDF:p.19,p.21,p.27,p.29; R-11,R-17; Option C deferred"
103,T26.1.3,E26,Optional remote worker execution,"Implement remote scheduling, result verification, cancellation, and fallback policy",P3,16,AT-022,"Add remote workers with leases, fencing, and the existing WorkSpec contract",T26.1.1,None,{SCALE} {EXECUTION} {RECOVERY} {LIFECYCLE},atlas/execution/remote_scheduler.py (create); atlas/execution/remote.py (extend); atlas/recovery/reconcilers.py (extend); atlas/status/projection.py (extend),incomplete,"LATEST-ZIP:ATLAS_Task_Registry.json:AT-022; REQ-026,REQ-030; PDF:p.19,p.21,p.27,p.29; R-11,R-17; Option C deferred"
104,T26.1.4,E26,Optional remote worker execution,"Gate distributed execution with chaos, security, load, and operational evidence",P3,16,AT-022,"Add remote workers with leases, fencing, and the existing WorkSpec contract","T26.1.2, T26.1.3",None,{SCALE} {RELEASE} {SECURITY} {PERFORMANCE},tests/distributed/ (create); benchmarks/remote_workers/ (create); scripts/run_remote_chaos_matrix.py (create); docs/operations/remote-workers-runbook.md (create),incomplete,"LATEST-ZIP:ATLAS_Task_Registry.json:AT-022; REQ-026,REQ-030; PDF:p.19,p.21,p.27,p.29; R-11,R-17; Option C deferred"
105,T27.1.1,E27,Bounded MCP and operator interfaces,Expose read-only and proposal-only MCP resources and tools,P3,14,AT-023,Expose MCP and operator UI only as bounded clients of canonical services,"T17.1.4, T19.1.4, T20.1.4, T21.1.4",None,{API} {SECURITY} {REVIEW} {PLUGINS},atlas/integrations/mcp.py (create); atlas/models/proposals.py::AnalysisProposal (create); docs/integrations/mcp.md (create); tests/integrations/test_mcp_read_tools.py (create),incomplete,"LATEST-ZIP:ATLAS_Task_Registry.json:AT-023; REQ-025,REQ-027,REQ-030; PDF:p.18,p.21,p.22,p.23,p.27; R-18"
106,T27.1.2,E27,Bounded MCP and operator interfaces,Route consequential MCP actions through deterministic command and review gates,P3,16,AT-023,Expose MCP and operator UI only as bounded clients of canonical services,T27.1.1,None,{API} {SECURITY} {LIFECYCLE} {REVIEW},atlas/integrations/mcp.py (extend); atlas/service/commands.py (extend); atlas/security/agent_policy.py (create); tests/integrations/test_mcp_commands.py (create),incomplete,"LATEST-ZIP:ATLAS_Task_Registry.json:AT-023; REQ-025,REQ-027,REQ-030; PDF:p.18,p.21,p.22,p.23,p.27; R-18"
107,T27.1.3,E27,Bounded MCP and operator interfaces,Build an operator UI that preserves authority and uncertainty distinctions,P3,16,AT-023,Expose MCP and operator UI only as bounded clients of canonical services,T27.1.1,None,{DX} {API} {SECURITY} {OBSERVABILITY},ui/ (create); atlas/api/rest.py (extend); docs/operations/operator-ui.md (create); tests/ui/ (create),incomplete,"LATEST-ZIP:ATLAS_Task_Registry.json:AT-023; REQ-025,REQ-027,REQ-030; PDF:p.18,p.21,p.22,p.23,p.27; R-18"
108,T27.1.4,E27,Bounded MCP and operator interfaces,"Resolve tenant, authentication, authorization, and deployment-governance scope",P3,14,AT-023,Expose MCP and operator UI only as bounded clients of canonical services,"T27.1.2, T27.1.3",A9,{SECURITY} {ARCHITECTURE} {COMPATIBILITY} {SCALE},docs/decisions/deployment-identity-and-tenancy.md (create); atlas/security/interfaces.py (create); atlas/config/security.py (create); tests/security/test_deployment_identity_adapters.py (create),incomplete,"LATEST-ZIP:ATLAS_Task_Registry.json:AT-023; REQ-025,REQ-027,REQ-030; PDF:p.18,p.21,p.22,p.23,p.27; R-18"
