Evidence ID,Status,Classification,Source,Observation,Implication,Confidence,Follow-up
E-BAS-001,Confirmed,Source assessment,[ATTACHED:Pasted markdown.md:Sections 1-30],"The attached source contains a 30-section frozen assessment with ATLAS commit efa547..., Yggdrasil commit 2b0c..., path/symbol/line citations, PDF page references, findings, ADRs, and tasks.","It is a usable evidence index and prior reconstruction, but remains below executable primary sources in authority.",High,Preserve source hash and compare all restored primary sources against the cited baselines.
E-BAS-002,Confirmed,External observation,[EXT:GitHub Runndownn/ATLAS repository page:2026-08-21],"The live page displayed a public repository, branch main, 35 commits, and expected code/tests/planning/CI surfaces.",The repository perimeter and default branch are live-observed; exact current HEAD and code content are not established by this page alone.,High,"Capture an immutable clone/archive and record HEAD SHA, refs, submodules, and archive digest."
E-BAS-003,Unresolved,Baseline,[EXT:GitHub ATLAS fetch limitations:2026-08-21],The available fetch path did not expose the exact current live HEAD SHA.,The report must not claim that efa547... is current HEAD; it is the frozen snapshot baseline supplied by the assessment.,High,"Resolve via authenticated GitHub connector, git clone, or owner-supplied archive."
E-BAS-004,Confirmed,External observation,[EXT:GitHub Runndownn/Yggdrasil URL:2026-08-21],The requested donor URL returned HTTP 404.,Current donor code/default branch cannot be independently inspected; donor path claims are snapshot evidence only.,High,Obtain a repository archive at 2b0c... or a supported replacement URL.
E-BAS-005,Unresolved,Document baseline,[ATTACHED:Pasted markdown.md:Section 2]; current attachment/File Library search,"The assessment cites a 34-page product-direction document, but the original PDF/document was not separately accessible.",All [PDF:p.N] requirements remain document-derived hypotheses pending primary-source revalidation.,High,"Obtain original file, record metadata/SHA-256, render all pages, and reconcile the requirements matrix."
E-ATL-001,Confirmed,IMPLEMENTED,[ATLAS:efa547cafc64b58d60d19dcc1e5ba32c6b046bc5:atlas/core/runtime.py:L35-L202],"AtlasRuntime constructs the job store, event bus, shared discovery/archive/hash services, orchestrator, and six handlers.","ATLAS has a recognizable composition root, but its current dependency set is narrow and some helpers are not canonically wired.",High,Execute runtime wiring tests from the frozen checkout and inventory every constructed singleton.
E-ATL-002,Confirmed,IMPLEMENTED,[ATLAS:efa547cafc64b58d60d19dcc1e5ba32c6b046bc5:atlas/core/orchestrator.py:L101-L220],start_pipeline creates a background asyncio task and _run_pipeline iterates phases sequentially.,"ATLAS is asynchronous at job level but not a DAG scheduler, durable workflow engine, queue, or distributed runtime.",High,"Characterize cancellation, process termination, and event-loop ownership in AT-001."
E-ATL-003,Confirmed,IMPLEMENTED defect,"[ATLAS:efa547cafc64b58d60d19dcc1e5ba32c6b046bc5:atlas/core/orchestrator.py:L25-L68,L128-L220]",PipelineConfig accepts a phase list and the orchestrator executes its supplied order.,The documented safety spine can be reordered or bypassed.,High,"Property-test invalid permutations, then enforce canonical slots in AT-002."
E-ATL-004,Confirmed,IMPLEMENTED defect,[ATLAS:efa547cafc64b58d60d19dcc1e5ba32c6b046bc5:atlas/phases/reconnaissance.py:L20-L111]; [ATLAS:efa547cafc64b58d60d19dcc1e5ba32c6b046bc5:atlas/safety/filesystem_discovery.py],Discovery errors can be recorded as result metadata rather than necessarily failing intake acceptance.,A missing or invalid source can produce an empty-looking downstream run and false terminal success.,High,"Reproduce with missing, non-directory, unreadable, and partially unreadable sources."
E-ATL-005,Confirmed,IMPLEMENTED defect,[ATLAS:efa547cafc64b58d60d19dcc1e5ba32c6b046bc5:atlas/cli.py:L42-L91]; [ATLAS:efa547cafc64b58d60d19dcc1e5ba32c6b046bc5:atlas/core/orchestrator.py:L128-L220],The CLI accepts continue_on_phase_error while the orchestrator reasons through abort_on_error.,Failure policy has competing names/owners and can yield ambiguous terminal truth.,High,Build the complete legacy policy matrix and replace it with one versioned enum.
E-ATL-006,Confirmed,PARTIALLY IMPLEMENTED,"[ATLAS:efa547cafc64b58d60d19dcc1e5ba32c6b046bc5:atlas/core/job_store.py:L19-L65,L172-L350]","SQLite tables cover jobs, phases, and events; updates commit independently and no migration/attempt/checkpoint/control/source/content/finding/publication tables are demonstrated.","Transaction ownership, state evolution, recovery, and normalized lifecycle data are insufficient.",High,"Restore frozen database fixtures, inspect PRAGMAs, and implement AT-003 before schema expansion."
E-ATL-007,Confirmed,IMPLEMENTED defect,[ATLAS:efa547cafc64b58d60d19dcc1e5ba32c6b046bc5:atlas/core/orchestrator.py:L298-L339]; [ATLAS:efa547cafc64b58d60d19dcc1e5ba32c6b046bc5:atlas/core/event_bus.py:L24-L230],Lifecycle events are published and persisted separately; detailed phase events can remain transport-only; persistence failure can be swallowed.,"Authoritative state and durable history can diverge, and RabbitMQ/in-memory delivery cannot reconstruct truth.",High,Fault-inject event insert/publish and implement atomic state+history+outbox in AT-007.
E-ATL-008,Confirmed,IMPLEMENTED defect,[ATLAS:efa547cafc64b58d60d19dcc1e5ba32c6b046bc5:atlas/phases/fingerprinting.py:L20-L136],Fingerprinting performs a fresh filesystem traversal instead of consuming Recon's exact accepted occurrence set.,Occurrence identity and source mutation between phases are ambiguous.,High,"Use a mutation fixture, then make accepted IntakeGeneration the sole Phase-B input."
E-ATL-009,Confirmed,PARTIALLY IMPLEMENTED,[ATLAS:efa547cafc64b58d60d19dcc1e5ba32c6b046bc5:atlas/storage/hash_store.py:L34-L63],HashStore streams SHA-256/BLAKE3 but retains its manifest in process memory and describes full blob storage as future work.,"ATLAS has hashing, not a durable cross-run content identity graph or CAS.",High,Persist occurrence→content identity first; benchmark optional CAS separately.
E-ATL-010,Confirmed,PARTIALLY IMPLEMENTED,[ATLAS:efa547cafc64b58d60d19dcc1e5ba32c6b046bc5:atlas/core/orchestrator.py]; [ATLAS:efa547cafc64b58d60d19dcc1e5ba32c6b046bc5:atlas/cli.py],"Pause, resume, cancel, and active asyncio task ownership are process-local; a later CLI process can only hydrate persisted snapshots.",Cross-process control does not control the original work owner.,High,Add second-process characterization and durable ControlRequest semantics before daemonization.
E-ATL-011,Confirmed,IMPLEMENTED behavior / missing control,[ATLAS:efa547cafc64b58d60d19dcc1e5ba32c6b046bc5:atlas/phases/extraction.py:L20-L181],Extraction materializes into a source-adjacent <stem>_extracted location after reassessment.,Side effects are weakly contained and replay/collision/cleanup ownership is ambiguous.,High,Crash/replay/collision tests; move to per-job quarantine with staged verified commit.
E-ATL-012,Confirmed,PARTIALLY IMPLEMENTED,[ATLAS:efa547cafc64b58d60d19dcc1e5ba32c6b046bc5:atlas/phases/review.py:L19-L236],Review creates evidence and promotion candidates in transient/metadata form rather than durable attributed approve/reject/hold decisions and destination publications.,Phase F is not yet a durable trust transition.,High,Normalize findings/evidence/decision/publication records and test stale-evidence rejection.
E-ATL-013,Confirmed,PARTIALLY IMPLEMENTED,[ATLAS:efa547cafc64b58d60d19dcc1e5ba32c6b046bc5:atlas/safety/archive_safety.py:L20-L83]; phase citations in attached assessment,"Archive limits include a nested-depth concept, but nested containers are counted rather than recursively inspected under a cumulative budget.",Nested-container resource exhaustion and policy bypass remain possible.,Medium-High,Confirm behavior from frozen code and add recursive adversarial corpus/fuzz tests.
E-ATL-014,Confirmed,PARTIALLY IMPLEMENTED,[ATLAS:efa547cafc64b58d60d19dcc1e5ba32c6b046bc5:atlas/phases/analysis.py:L18-L134]; [ATLAS:efa547cafc64b58d60d19dcc1e5ba32c6b046bc5:atlas/phases/base.py],Analyzer plugins run in-process and return weakly typed dictionaries without enforced filesystem/network/tool/resource declarations.,"Plugin authority, compatibility, reproducibility, timeout, and isolation are undefined.",High,Define descriptor/result schemas and trusted vs isolated execution tiers.
E-ATL-015,Confirmed,IMPLEMENTED limitation,[ATLAS:efa547cafc64b58d60d19dcc1e5ba32c6b046bc5:atlas/phases/analysis.py]; [ATTACHED:Pasted markdown.md:GAP-015],Analysis summaries store only a bounded sample of findings in job metadata.,Metadata cannot be the authoritative lossless finding store.,Medium-High,Reproduce >50 findings and create normalized lossless finding/evidence tables.
E-ATL-016,Confirmed,Architecture debt,[ATLAS:efa547cafc64b58d60d19dcc1e5ba32c6b046bc5:atlas/safety/path_safety.py:L26-L146]; [ATLAS:efa547cafc64b58d60d19dcc1e5ba32c6b046bc5:atlas/core/runtime.py:L35-L202],PathSafetyService exists but is not shown as the mandatory access path for all phase filesystem opens/writes.,A correct helper does not establish end-to-end safety if callers can bypass it.,High,Inventory every open/stat/walk/extract/write call and route them through SourceAccess/WorkspaceManager.
E-ATL-017,Confirmed,DOCUMENTATION DRIFT,[ATLAS:efa547cafc64b58d60d19dcc1e5ba32c6b046bc5:README.md]; [ATLAS:efa547cafc64b58d60d19dcc1e5ba32c6b046bc5:atlas/storage/hash_store.py:L34-L63],README describes content-addressable storage/automatic deduplication while HashStore is an in-memory hash manifest.,Product claims overstate implemented durability and storage semantics.,High,Correct README now; introduce CAS terminology only after AT-011 completion evidence.
E-ATL-018,Confirmed,DOCUMENTATION DRIFT,[ATLAS:efa547cafc64b58d60d19dcc1e5ba32c6b046bc5:atlas/schema/__init__.py:L1-L9]; [ATLAS:efa547cafc64b58d60d19dcc1e5ba32c6b046bc5:atlas/core/job_store.py],The schema package describes migrations/rollback while only re-exporting the inline schema.,Stored-data compatibility and rollback are documented but not implemented.,High,Replace with a numbered migration system and legacy fixtures.
E-ATL-019,Confirmed,TEST GAP,[ATLAS-TEST:efa547cafc64b58d60d19dcc1e5ba32c6b046bc5:tests/test_runtime.py:L18-L144]; [ATLAS-TEST:efa547cafc64b58d60d19dcc1e5ba32c6b046bc5:tests/test_orchestrator.py:L103-L111],"Existing tests establish wiring/happy paths, while at least one assertion len(jobs) >= 0 is vacuous and high-value failure/recovery families are absent.","Test count does not establish state, replay, safety, or recovery correctness.",High,AT-001 creates deterministic defect reproducers; AT-024 expands mandatory gates.
E-ATL-020,Confirmed,RELEASE GAP,[ATLAS:efa547cafc64b58d60d19dcc1e5ba32c6b046bc5:.github/workflows/tests.yml:L1-L34],"Frozen CI is described as pytest/coverage on Ubuntu/Python 3.13 without a demonstrated broader platform, migration, security, package-install, SBOM, or rollback matrix.",Release confidence and platform contracts are incomplete.,High,Implement accumulating AT-024 release gates and record untested platforms.
E-YGG-001,Unresolved,DONOR CAPABILITY,[YGGDRASIL:2b0c51b6132c2a16e63fc2e2de2d2b4598b5fe40:app/domains/yggdrasil/runner/tool_registry.py:L1-L55],The frozen assessment describes deterministic capability IDs and a distinction between source-declared capability and live deployment status.,ATLAS can adapt the registry semantics without importing the donor governance domain.,Medium,"Restore donor file, verify dependencies/tests/license header, then choose ADAPT vs REIMPLEMENT."
E-YGG-002,Unresolved,DONOR CAPABILITY,[YGGDRASIL:2b0c51b6132c2a16e63fc2e2de2d2b4598b5fe40:app/domains/yggdrasil/governance/store.py],"The assessment records explicit SQLite transaction ownership, WAL/BEGIN IMMEDIATE patterns, checkpoints, idempotency keys, and broad governance state.",Transaction patterns are useful; the monolithic governance store is too coupled for wholesale reuse.,Medium,Restore exact symbols and port only conformance tests/invariants into a smaller ATLAS StateStore.
E-YGG-003,Unresolved,DONOR CAPABILITY,[YGGDRASIL:2b0c51b6132c2a16e63fc2e2de2d2b4598b5fe40:inventory/content models and schemas cited in attached assessment],The donor separates FileOccurrence from CanonicalContent.,This directly supports ATLAS occurrence/content identity separation.,Medium,"Verify exact model constraints and migrations; adapt semantics, not domain names."
E-YGG-004,Unresolved,DONOR CAPABILITY,[YGGDRASIL:2b0c51b6132c2a16e63fc2e2de2d2b4598b5fe40:app/domains/yggdrasil/release/filesystem.py:L1-L240],"The assessment records source guards, copy-and-hash, fsync, no-replace commit, and platform-specific path containment helpers.","Destination verification and no-overwrite semantics are valuable, but path checks may race and Linux-specific primitives are not portable.",Medium,Reimplement handle-relative access and capability-driven atomic commit; port adversarial tests.
E-YGG-005,Unresolved,DONOR CAPABILITY,[YGGDRASIL:2b0c51b6132c2a16e63fc2e2de2d2b4598b5fe40:release/candidate_stage.py]; [YGGDRASIL-TEST:2b0c51b6132c2a16e63fc2e2de2d2b4598b5fe40:tests/test_release_pipeline.py],"The assessment describes immutable staging, verify-before-commit, replay reconciliation, source-drift invalidation, and mutation-not-repeated tests.",This is a strong model for ATLAS extraction and publication side effects.,Medium,Restore tests and translate their invariants to StagedMaterialization contracts.
E-YGG-006,Unresolved,DONOR CAPABILITY,[YGGDRASIL:2b0c51b6132c2a16e63fc2e2de2d2b4598b5fe40:app/domains/yggdrasil/schemas/yggdrasil_schema.sql:L1-L12],The assessment says an optional PostgreSQL schema declares SQLite control-plane authority and PostgreSQL as a projection.,Scale-out storage must not create alternate lifecycle authority.,Medium,Verify the schema header and enforce the same authority rule in any future ATLAS adapter.
E-PDF-001,Unresolved,INFERRED REQUIREMENT,"[PDF:p.2,p.5,p.29,p.34] via attached assessment",The extracted direction requires the ordered six-stage lifecycle to remain ATLAS's semantic spine.,Generic DAG semantics are not justified; phase-internal parallelism is preferable.,Medium,Reconcile exact page text/diagrams against the original document.
E-PDF-002,Unresolved,INFERRED REQUIREMENT,"[PDF:p.6,p.12,p.16,p.31] via attached assessment","The extraction distinguishes SourceRoot, IntakeGeneration, ArtifactOccurrence, and ContentIdentity.","Path/location cannot be treated as byte identity, and downstream phases should consume an accepted generation.",Medium,Verify entity names/cardinality and any source snapshot requirements in the original.
E-PDF-003,Unresolved,INFERRED REQUIREMENT,"[PDF:p.7,p.16,p.22,p.28,p.34] via attached assessment","Analyzer/AI output remains distinct from evidence, review, promotion, provenance, and filesystem/lifecycle authority.",Models/plugins may propose findings but deterministic ATLAS services own trust transitions.,Medium,Verify wording and whether any exceptions or governance policies are specified.
E-PDF-004,Unresolved,INFERRED REQUIREMENT,"[PDF:p.19-p.21,p.27,p.30,p.34] via attached assessment","The extraction says semantic integrity, safety, recovery, and durable control precede distributed scale.","PostgreSQL, object storage, workers, and broader APIs remain adapters behind proven local semantics.",Medium,Confirm sequence and any explicit performance triggers in the original.
E-REC-001,Inferred,RECOMMENDED NEW CAPABILITY,[INFERENCE:current sequential implementation + extracted lifecycle invariants + failure-surface comparison],A hardened sequential lifecycle engine with phase-internal bounded worksets satisfies proven requirements with less state/failure complexity than a generalized DAG or distributed platform.,Option A is the selected target trajectory; Option C is deferred and Option B is not justified.,High,Challenge the decision after AT-024 benchmarks or new requirements demonstrate cross-phase graph semantics.
E-REC-002,Inferred,RECOMMENDED NEW CAPABILITY,[INFERENCE:need for bounded parallel hashing/analyzers without arbitrary topology],Durable WorkItems inside canonical phase barriers provide bounded fan-out/fan-in while preserving lifecycle semantics.,Performance can improve without exposing a user-defined DAG.,Medium-High,Prototype after state/attempt semantics exist; benchmark overhead and recovery.
E-REC-003,Inferred,RECOMMENDED NEW CAPABILITY,[INFERENCE:persistent ContentIdentity + duplicate-heavy workloads],Deterministic result memoization can key operation/version/config/policy plus ordered input ContentIdentity IDs.,Repeated exact content can avoid expensive deterministic analysis without conflating occurrences.,Medium,Require plugin determinism declaration and disprove with repeat-result tests/benchmarks.
E-REC-004,Inferred,RECOMMENDED NEW CAPABILITY,[INFERENCE:local-first scope + current SQLite implementation + absent measured contention],SQLite remains the reference authoritative backend until measured workload or deployment constraints prove otherwise.,"PostgreSQL should be optional and conformance-tested, not introduced for architectural appearance.",High,"Run contention, database-size, migration, backup, and recovery benchmarks in AT-024."
E-REC-005,Inferred,RECOMMENDED NEW CAPABILITY,[INFERENCE:non-atomic current events + need for reliable external notification],"State transition, durable event history, and outbox row should share one transaction; transport delivery follows asynchronously.",External transports remain projections and cannot become lifecycle authority.,High,Fault-inject before/after commit and transport acknowledgement; prove duplicate-safe delivery.
