ADR ID,Title,Decision,Rationale,Compatibility,Validation
ADR-001,Sequential lifecycle versus DAG,fixed A-F barriers with bounded phase-internal worksets.,satisfies all demonstrated requirements with fewer states.,legacy phase names retained; invalid reorderings become validation errors.,permutation/property tests.
ADR-002,Persistence abstraction,introduce narrow `StateStore` protocol with SQLite implementation.,supports tests/future PostgreSQL without ORM complexity.,`JobStore` remains facade.,conformance suite shared by future backends.
ADR-003,SQLite versus PostgreSQL,SQLite remains reference/required backend. PostgreSQL deferred.,current workload evidence does not demonstrate SQLite as bottleneck.,no new service requirement.,concurrent-job benchmark determines need for PostgreSQL.
ADR-004,Authoritative state versus event history,state tables are authority; event history is immutable historical evidence; transport is projection.,no requirement justifies rebuilding all state from event replay.,,kill process between state/event/outbox fault points.
ADR-005,Hash identity versus true CAS,SHA-256 `ContentIdentity` exists independently of retained blob.,identity can be useful without copying every input.,existing `sha256:<hex>` IDs remain valid.,identity-only/CAS modes.
ADR-006,Occurrence versus content,many occurrences may reference one immutable content identity.,required directly by document.,,same bytes at multiple paths/sources.
ADR-007,Metadata dictionary versus typed phase contexts,"metadata becomes compatibility summary, not internal contract.",ownership/versioning currently ambiguous.,,strict unknown-key/config tests.
ADR-008,In-process versus pluggable execution,lifecycle semantics use `ExecutionBackend`; in-process is first backend.,decouples execution location without distributed dependency.,,same WorkSpec through in-process/subprocess.
ADR-009,Governance core versus optional governance,durable `PromotionDecision` is core; interactive approvals/service IAM are adapters.,harmless local processing does not warrant human ceremony.,,policy-auto and human-review paths produce same decision schema.
ADR-010,Plugin isolation,trusted built-ins may run in process; untrusted/external-tool plugins require isolated backend according capability policy.,least complexity while acknowledging isolation need.,,hostile plugin fixture.
ADR-011,Checkpoint semantics,"checkpoints represent verified durable progress, not arbitrary serialization of Python objects.",safer/versionable/replayable.,no existing checkpoint format.,crash/restart at every checkpoint boundary.
ADR-012,Event transport,RabbitMQ/webhooks are outbox-driven transport adapters; not required for core execution.,document says local integrity first.,,broker outage/reconnect/re-delivery.
ADR-013,Source snapshot semantics,`IntakeGeneration` means immutable observation manifest; exact byte replay requires validated source or retained CAS.,avoids unsupported atomic-snapshot claims.,,mutation/rename/delete/inode replacement tests.
