Control ID,Control,Platform,Expected assurance / status,Verification method,Evidence required,Release rule,Owning tasks
PA-01,Canonical path normalization,Linux,Requires native vectors,Native parser/path API plus policy vectors,"Exact OS/kernel/filesystem/runtime/control probes, native command, fixture/scenario digest, result, resource/cleanup evidence, and hashes.",No support claim from emulation or skipped native lane; reduced assurance must be explicit and policy-approved.,"T28.1.2,T28.1.3,T29.1.5"
PA-01,Canonical path normalization,Windows,Requires native vectors,Native parser/path API plus policy vectors,"Exact OS/kernel/filesystem/runtime/control probes, native command, fixture/scenario digest, result, resource/cleanup evidence, and hashes.",No support claim from emulation or skipped native lane; reduced assurance must be explicit and policy-approved.,"T28.1.2,T28.1.3,T29.1.5"
PA-01,Canonical path normalization,macOS,Requires native vectors,Native parser/path API plus policy vectors,"Exact OS/kernel/filesystem/runtime/control probes, native command, fixture/scenario digest, result, resource/cleanup evidence, and hashes.",No support claim from emulation or skipped native lane; reduced assurance must be explicit and policy-approved.,"T28.1.2,T28.1.3,T29.1.5"
PA-02,Handle/descriptor-relative no-follow open,Linux,NATIVE PROOF REQUIRED,openat-style capability and identity verification,"Exact OS/kernel/filesystem/runtime/control probes, native command, fixture/scenario digest, result, resource/cleanup evidence, and hashes.",No support claim from emulation or skipped native lane; reduced assurance must be explicit and policy-approved.,"T10.1.2,T30.1.2"
PA-02,Handle/descriptor-relative no-follow open,Windows,NATIVE EQUIVALENT PROOF REQUIRED,openat-style capability and identity verification,"Exact OS/kernel/filesystem/runtime/control probes, native command, fixture/scenario digest, result, resource/cleanup evidence, and hashes.",No support claim from emulation or skipped native lane; reduced assurance must be explicit and policy-approved.,"T10.1.2,T30.1.2"
PA-02,Handle/descriptor-relative no-follow open,macOS,NATIVE EQUIVALENT PROOF REQUIRED,openat-style capability and identity verification,"Exact OS/kernel/filesystem/runtime/control probes, native command, fixture/scenario digest, result, resource/cleanup evidence, and hashes.",No support claim from emulation or skipped native lane; reduced assurance must be explicit and policy-approved.,"T10.1.2,T30.1.2"
PA-03,Symlink/junction/reparse containment,Linux,NATIVE PROOF REQUIRED,Link/root swap corpus,"Exact OS/kernel/filesystem/runtime/control probes, native command, fixture/scenario digest, result, resource/cleanup evidence, and hashes.",No support claim from emulation or skipped native lane; reduced assurance must be explicit and policy-approved.,"T28.1.2,T28.1.3,T29.1.1"
PA-03,Symlink/junction/reparse containment,Windows,NATIVE PROOF REQUIRED; privilege-sensitive,Link/root swap corpus,"Exact OS/kernel/filesystem/runtime/control probes, native command, fixture/scenario digest, result, resource/cleanup evidence, and hashes.",No support claim from emulation or skipped native lane; reduced assurance must be explicit and policy-approved.,"T28.1.2,T28.1.3,T29.1.1"
PA-03,Symlink/junction/reparse containment,macOS,NATIVE PROOF REQUIRED,Link/root swap corpus,"Exact OS/kernel/filesystem/runtime/control probes, native command, fixture/scenario digest, result, resource/cleanup evidence, and hashes.",No support claim from emulation or skipped native lane; reduced assurance must be explicit and policy-approved.,"T28.1.2,T28.1.3,T29.1.1"
PA-04,Mount/root boundary detection,Linux,NATIVE PROOF REQUIRED,Device/mount/root identity evidence,"Exact OS/kernel/filesystem/runtime/control probes, native command, fixture/scenario digest, result, resource/cleanup evidence, and hashes.",No support claim from emulation or skipped native lane; reduced assurance must be explicit and policy-approved.,"T10.1.1,T30.1.2"
PA-04,Mount/root boundary detection,Windows,NATIVE EQUIVALENT/REDUCED ASSURANCE,Device/mount/root identity evidence,"Exact OS/kernel/filesystem/runtime/control probes, native command, fixture/scenario digest, result, resource/cleanup evidence, and hashes.",No support claim from emulation or skipped native lane; reduced assurance must be explicit and policy-approved.,"T10.1.1,T30.1.2"
PA-04,Mount/root boundary detection,macOS,NATIVE EQUIVALENT/REDUCED ASSURANCE,Device/mount/root identity evidence,"Exact OS/kernel/filesystem/runtime/control probes, native command, fixture/scenario digest, result, resource/cleanup evidence, and hashes.",No support claim from emulation or skipped native lane; reduced assurance must be explicit and policy-approved.,"T10.1.1,T30.1.2"
PA-05,Hard-link alias handling,Linux,NATIVE PROOF REQUIRED,Native file identity and occurrence/content separation,"Exact OS/kernel/filesystem/runtime/control probes, native command, fixture/scenario digest, result, resource/cleanup evidence, and hashes.",No support claim from emulation or skipped native lane; reduced assurance must be explicit and policy-approved.,"T29.1.1,T30.1.2"
PA-05,Hard-link alias handling,Windows,NATIVE PROOF REQUIRED,Native file identity and occurrence/content separation,"Exact OS/kernel/filesystem/runtime/control probes, native command, fixture/scenario digest, result, resource/cleanup evidence, and hashes.",No support claim from emulation or skipped native lane; reduced assurance must be explicit and policy-approved.,"T29.1.1,T30.1.2"
PA-05,Hard-link alias handling,macOS,NATIVE PROOF REQUIRED,Native file identity and occurrence/content separation,"Exact OS/kernel/filesystem/runtime/control probes, native command, fixture/scenario digest, result, resource/cleanup evidence, and hashes.",No support claim from emulation or skipped native lane; reduced assurance must be explicit and policy-approved.,"T29.1.1,T30.1.2"
PA-06,Case and Unicode collision policy,Linux,NATIVE CASE-SENSITIVE BASELINE,Native filesystem mode vectors,"Exact OS/kernel/filesystem/runtime/control probes, native command, fixture/scenario digest, result, resource/cleanup evidence, and hashes.",No support claim from emulation or skipped native lane; reduced assurance must be explicit and policy-approved.,"T28.1.3,T29.1.1,T29.1.2"
PA-06,Case and Unicode collision policy,Windows,NATIVE CASE-INSENSITIVE/UNICODE PROOF,Native filesystem mode vectors,"Exact OS/kernel/filesystem/runtime/control probes, native command, fixture/scenario digest, result, resource/cleanup evidence, and hashes.",No support claim from emulation or skipped native lane; reduced assurance must be explicit and policy-approved.,"T28.1.3,T29.1.1,T29.1.2"
PA-06,Case and Unicode collision policy,macOS,NATIVE APFS CASE/UNICODE PROOF,Native filesystem mode vectors,"Exact OS/kernel/filesystem/runtime/control probes, native command, fixture/scenario digest, result, resource/cleanup evidence, and hashes.",No support claim from emulation or skipped native lane; reduced assurance must be explicit and policy-approved.,"T28.1.3,T29.1.1,T29.1.2"
PA-07,Atomic no-replace destination commit,Linux,NATIVE PROOF REQUIRED,Native create/rename semantics and conflict tests,"Exact OS/kernel/filesystem/runtime/control probes, native command, fixture/scenario digest, result, resource/cleanup evidence, and hashes.",No support claim from emulation or skipped native lane; reduced assurance must be explicit and policy-approved.,"T10.1.3,T12.1.2,T30.1.4"
PA-07,Atomic no-replace destination commit,Windows,NATIVE PROOF REQUIRED,Native create/rename semantics and conflict tests,"Exact OS/kernel/filesystem/runtime/control probes, native command, fixture/scenario digest, result, resource/cleanup evidence, and hashes.",No support claim from emulation or skipped native lane; reduced assurance must be explicit and policy-approved.,"T10.1.3,T12.1.2,T30.1.4"
PA-07,Atomic no-replace destination commit,macOS,NATIVE PROOF REQUIRED,Native create/rename semantics and conflict tests,"Exact OS/kernel/filesystem/runtime/control probes, native command, fixture/scenario digest, result, resource/cleanup evidence, and hashes.",No support claim from emulation or skipped native lane; reduced assurance must be explicit and policy-approved.,"T10.1.3,T12.1.2,T30.1.4"
PA-08,Durability/fsync semantics,Linux,NATIVE STORAGE PROOF,Crash tests on native storage,"Exact OS/kernel/filesystem/runtime/control probes, native command, fixture/scenario digest, result, resource/cleanup evidence, and hashes.",No support claim from emulation or skipped native lane; reduced assurance must be explicit and policy-approved.,"T4.1.4,T30.1.3"
PA-08,Durability/fsync semantics,Windows,PLATFORM-SPECIFIC FLUSH PROOF,Crash tests on native storage,"Exact OS/kernel/filesystem/runtime/control probes, native command, fixture/scenario digest, result, resource/cleanup evidence, and hashes.",No support claim from emulation or skipped native lane; reduced assurance must be explicit and policy-approved.,"T4.1.4,T30.1.3"
PA-08,Durability/fsync semantics,macOS,PLATFORM-SPECIFIC FLUSH PROOF,Crash tests on native storage,"Exact OS/kernel/filesystem/runtime/control probes, native command, fixture/scenario digest, result, resource/cleanup evidence, and hashes.",No support claim from emulation or skipped native lane; reduced assurance must be explicit and policy-approved.,"T4.1.4,T30.1.3"
PA-09,File locking/sharing behavior,Linux,NATIVE PROOF REQUIRED,Multi-process lock/rename/delete tests,"Exact OS/kernel/filesystem/runtime/control probes, native command, fixture/scenario digest, result, resource/cleanup evidence, and hashes.",No support claim from emulation or skipped native lane; reduced assurance must be explicit and policy-approved.,"T4.1.2,T28.1.3"
PA-09,File locking/sharing behavior,Windows,NATIVE SHARING-MODE PROOF,Multi-process lock/rename/delete tests,"Exact OS/kernel/filesystem/runtime/control probes, native command, fixture/scenario digest, result, resource/cleanup evidence, and hashes.",No support claim from emulation or skipped native lane; reduced assurance must be explicit and policy-approved.,"T4.1.2,T28.1.3"
PA-09,File locking/sharing behavior,macOS,NATIVE PROOF REQUIRED,Multi-process lock/rename/delete tests,"Exact OS/kernel/filesystem/runtime/control probes, native command, fixture/scenario digest, result, resource/cleanup evidence, and hashes.",No support claim from emulation or skipped native lane; reduced assurance must be explicit and policy-approved.,"T4.1.2,T28.1.3"
PA-10,Temporary file permissions/ownership,Linux,NATIVE PROOF REQUIRED,Secure-create and inheritance tests,"Exact OS/kernel/filesystem/runtime/control probes, native command, fixture/scenario digest, result, resource/cleanup evidence, and hashes.",No support claim from emulation or skipped native lane; reduced assurance must be explicit and policy-approved.,"T10.1.3,T11.1.1"
PA-10,Temporary file permissions/ownership,Windows,NATIVE ACL/INHERITANCE PROOF,Secure-create and inheritance tests,"Exact OS/kernel/filesystem/runtime/control probes, native command, fixture/scenario digest, result, resource/cleanup evidence, and hashes.",No support claim from emulation or skipped native lane; reduced assurance must be explicit and policy-approved.,"T10.1.3,T11.1.1"
PA-10,Temporary file permissions/ownership,macOS,NATIVE PROOF REQUIRED,Secure-create and inheritance tests,"Exact OS/kernel/filesystem/runtime/control probes, native command, fixture/scenario digest, result, resource/cleanup evidence, and hashes.",No support claim from emulation or skipped native lane; reduced assurance must be explicit and policy-approved.,"T10.1.3,T11.1.1"
PA-11,Process-tree termination,Linux,NATIVE PGROUP/CGROUP PROOF,External observer after timeout/kill,"Exact OS/kernel/filesystem/runtime/control probes, native command, fixture/scenario digest, result, resource/cleanup evidence, and hashes.",No support claim from emulation or skipped native lane; reduced assurance must be explicit and policy-approved.,"T22.1.2,T28.1.4"
PA-11,Process-tree termination,Windows,NATIVE JOB OBJECT PROOF,External observer after timeout/kill,"Exact OS/kernel/filesystem/runtime/control probes, native command, fixture/scenario digest, result, resource/cleanup evidence, and hashes.",No support claim from emulation or skipped native lane; reduced assurance must be explicit and policy-approved.,"T22.1.2,T28.1.4"
PA-11,Process-tree termination,macOS,NATIVE PROCESS-GROUP PROOF; MAY BE REDUCED,External observer after timeout/kill,"Exact OS/kernel/filesystem/runtime/control probes, native command, fixture/scenario digest, result, resource/cleanup evidence, and hashes.",No support claim from emulation or skipped native lane; reduced assurance must be explicit and policy-approved.,"T22.1.2,T28.1.4"
PA-12,CPU/memory/PID enforcement,Linux,CGROUP V2 NATIVE PROOF,Outer and inner limits,"Exact OS/kernel/filesystem/runtime/control probes, native command, fixture/scenario digest, result, resource/cleanup evidence, and hashes.",No support claim from emulation or skipped native lane; reduced assurance must be explicit and policy-approved.,"T22.1.3,T28.1.4"
PA-12,CPU/memory/PID enforcement,Windows,JOB OBJECT/OS CONTROL PROOF,Outer and inner limits,"Exact OS/kernel/filesystem/runtime/control probes, native command, fixture/scenario digest, result, resource/cleanup evidence, and hashes.",No support claim from emulation or skipped native lane; reduced assurance must be explicit and policy-approved.,"T22.1.3,T28.1.4"
PA-12,CPU/memory/PID enforcement,macOS,REDUCED ASSURANCE UNLESS APPROVED CONTROL EXISTS,Outer and inner limits,"Exact OS/kernel/filesystem/runtime/control probes, native command, fixture/scenario digest, result, resource/cleanup evidence, and hashes.",No support claim from emulation or skipped native lane; reduced assurance must be explicit and policy-approved.,"T22.1.3,T28.1.4"
PA-13,Network isolation,Linux,NAMESPACE/ROOTLESS CONTROL PROOF,Denied/fake endpoint tests,"Exact OS/kernel/filesystem/runtime/control probes, native command, fixture/scenario digest, result, resource/cleanup evidence, and hashes.",No support claim from emulation or skipped native lane; reduced assurance must be explicit and policy-approved.,"T22.1.3,T28.1.4"
PA-13,Network isolation,Windows,PLATFORM FIREWALL/SANDBOX PROOF OR REDUCED,Denied/fake endpoint tests,"Exact OS/kernel/filesystem/runtime/control probes, native command, fixture/scenario digest, result, resource/cleanup evidence, and hashes.",No support claim from emulation or skipped native lane; reduced assurance must be explicit and policy-approved.,"T22.1.3,T28.1.4"
PA-13,Network isolation,macOS,REDUCED ASSURANCE UNLESS APPROVED CONTROL EXISTS,Denied/fake endpoint tests,"Exact OS/kernel/filesystem/runtime/control probes, native command, fixture/scenario digest, result, resource/cleanup evidence, and hashes.",No support claim from emulation or skipped native lane; reduced assurance must be explicit and policy-approved.,"T22.1.3,T28.1.4"
PA-14,Workspace byte/inode quotas,Linux,NATIVE BYTE+INODE PROOF,Native quota/volume tests,"Exact OS/kernel/filesystem/runtime/control probes, native command, fixture/scenario digest, result, resource/cleanup evidence, and hashes.",No support claim from emulation or skipped native lane; reduced assurance must be explicit and policy-approved.,"T11.1.1,T16.1.4,T28.1.2"
PA-14,Workspace byte/inode quotas,Windows,NATIVE VOLUME/QUOTA PROOF,Native quota/volume tests,"Exact OS/kernel/filesystem/runtime/control probes, native command, fixture/scenario digest, result, resource/cleanup evidence, and hashes.",No support claim from emulation or skipped native lane; reduced assurance must be explicit and policy-approved.,"T11.1.1,T16.1.4,T28.1.2"
PA-14,Workspace byte/inode quotas,macOS,NATIVE VOLUME/QUOTA PROOF,Native quota/volume tests,"Exact OS/kernel/filesystem/runtime/control probes, native command, fixture/scenario digest, result, resource/cleanup evidence, and hashes.",No support claim from emulation or skipped native lane; reduced assurance must be explicit and policy-approved.,"T11.1.1,T16.1.4,T28.1.2"
PA-15,SQLite concurrency and crash recovery,Linux,NATIVE PROOF REQUIRED,Native driver/storage/process tests,"Exact OS/kernel/filesystem/runtime/control probes, native command, fixture/scenario digest, result, resource/cleanup evidence, and hashes.",No support claim from emulation or skipped native lane; reduced assurance must be explicit and policy-approved.,"T4.1.2-T4.1.4,T30.1.3"
PA-15,SQLite concurrency and crash recovery,Windows,NATIVE PROOF REQUIRED,Native driver/storage/process tests,"Exact OS/kernel/filesystem/runtime/control probes, native command, fixture/scenario digest, result, resource/cleanup evidence, and hashes.",No support claim from emulation or skipped native lane; reduced assurance must be explicit and policy-approved.,"T4.1.2-T4.1.4,T30.1.3"
PA-15,SQLite concurrency and crash recovery,macOS,NATIVE PROOF REQUIRED,Native driver/storage/process tests,"Exact OS/kernel/filesystem/runtime/control probes, native command, fixture/scenario digest, result, resource/cleanup evidence, and hashes.",No support claim from emulation or skipped native lane; reduced assurance must be explicit and policy-approved.,"T4.1.2-T4.1.4,T30.1.3"
PA-16,Archive output naming/collision behavior,Linux,NATIVE PROOF REQUIRED,Native destination filesystem corpus,"Exact OS/kernel/filesystem/runtime/control probes, native command, fixture/scenario digest, result, resource/cleanup evidence, and hashes.",No support claim from emulation or skipped native lane; reduced assurance must be explicit and policy-approved.,T29.1.2
PA-16,Archive output naming/collision behavior,Windows,NATIVE CASE/RESERVED-NAME PROOF,Native destination filesystem corpus,"Exact OS/kernel/filesystem/runtime/control probes, native command, fixture/scenario digest, result, resource/cleanup evidence, and hashes.",No support claim from emulation or skipped native lane; reduced assurance must be explicit and policy-approved.,T29.1.2
PA-16,Archive output naming/collision behavior,macOS,NATIVE CASE/UNICODE PROOF,Native destination filesystem corpus,"Exact OS/kernel/filesystem/runtime/control probes, native command, fixture/scenario digest, result, resource/cleanup evidence, and hashes.",No support claim from emulation or skipped native lane; reduced assurance must be explicit and policy-approved.,T29.1.2
PA-17,Long path and reserved namespace handling,Linux,NATIVE PATH-MAX PROOF,Boundary vectors,"Exact OS/kernel/filesystem/runtime/control probes, native command, fixture/scenario digest, result, resource/cleanup evidence, and hashes.",No support claim from emulation or skipped native lane; reduced assurance must be explicit and policy-approved.,T28.1.3
PA-17,Long path and reserved namespace handling,Windows,NATIVE LONG-PATH/UNC/DEVICE PROOF,Boundary vectors,"Exact OS/kernel/filesystem/runtime/control probes, native command, fixture/scenario digest, result, resource/cleanup evidence, and hashes.",No support claim from emulation or skipped native lane; reduced assurance must be explicit and policy-approved.,T28.1.3
PA-17,Long path and reserved namespace handling,macOS,NATIVE PATH/UNICODE PROOF,Boundary vectors,"Exact OS/kernel/filesystem/runtime/control probes, native command, fixture/scenario digest, result, resource/cleanup evidence, and hashes.",No support claim from emulation or skipped native lane; reduced assurance must be explicit and policy-approved.,T28.1.3
PA-18,Child environment and secret mediation,Linux,NATIVE PROOF REQUIRED,Synthetic marker secrets,"Exact OS/kernel/filesystem/runtime/control probes, native command, fixture/scenario digest, result, resource/cleanup evidence, and hashes.",No support claim from emulation or skipped native lane; reduced assurance must be explicit and policy-approved.,"T22.1.3,T29.1.3"
PA-18,Child environment and secret mediation,Windows,NATIVE PROOF REQUIRED,Synthetic marker secrets,"Exact OS/kernel/filesystem/runtime/control probes, native command, fixture/scenario digest, result, resource/cleanup evidence, and hashes.",No support claim from emulation or skipped native lane; reduced assurance must be explicit and policy-approved.,"T22.1.3,T29.1.3"
PA-18,Child environment and secret mediation,macOS,NATIVE PROOF REQUIRED,Synthetic marker secrets,"Exact OS/kernel/filesystem/runtime/control probes, native command, fixture/scenario digest, result, resource/cleanup evidence, and hashes.",No support claim from emulation or skipped native lane; reduced assurance must be explicit and policy-approved.,"T22.1.3,T29.1.3"
