Component / Candidate,Classification,Authoritative responsibility,Allowed side effects,Prohibited authority / boundary,Primary epics,Rationale,Source basis
LifecycleCoordinator,REQUIRED CORE,Job/phase/attempt transition requests and phase-barrier closure,No direct artifact I/O; delegates to services/backends,"Plugins, workers, transports, UI, models cannot transition state","E5,E15,E16,E18,E19",One canonical coordinator prevents alternate lifecycle authority.,Latest ZIP architecture plus Pasted markdown (2).md helper/support-system review; latest ZIP wins on conflict.
StateStore,REQUIRED CORE,"Authoritative lifecycle, provenance, control, checkpoint, event, decision, and publication state",Transactional reads/writes and guarded transitions,No adapter bypass or hidden second writable store,"E4,E5,E8,E9,E17,E18",Reference SQLite backend first; PostgreSQL remains an adapter.,Latest ZIP architecture plus Pasted markdown (2).md helper/support-system review; latest ZIP wins on conflict.
MigrationManager,REQUIRED CORE,Database schema version and migration application history,"Exclusive migration, backup, verify, rollback",Cannot infer success from partial DDL or comments,"E4,E24",Stored authority requires explicit versioned evolution.,Latest ZIP architecture plus Pasted markdown (2).md helper/support-system review; latest ZIP wins on conflict.
ConfigurationResolver,REQUIRED CORE,Versioned effective configuration and canonical digest,Read/validate/merge configuration only,Cannot mutate lifecycle state or hide deprecated/unknown keys,E3,One deterministic configuration meaning is a P0 invariant.,Latest ZIP architecture plus Pasted markdown (2).md helper/support-system review; latest ZIP wins on conflict.
PhaseRegistry,REQUIRED CORE,Canonical A–F slot implementations and compatibility,Register/resolve phase handlers,Cannot reorder or create cross-phase DAG edges,"E3,E14",Preserves the six semantic barriers while allowing implementation extension.,Latest ZIP architecture plus Pasted markdown (2).md helper/support-system review; latest ZIP wins on conflict.
SourceAccessBroker,REQUIRED CORE,All trusted opens/listings/stat and mutation evidence for registered sources,Race-resistant source reads only,No downstream raw path reopening,"E6,E10",Eliminates independent traversal and TOCTOU ambiguity.,Latest ZIP architecture plus Pasted markdown (2).md helper/support-system review; latest ZIP wins on conflict.
SourceProviderRegistry,ADAPTER / LATER,Provider capability and compatibility registration,Provider-specific observation/open operations,"Cannot redefine identity, skip intake, or mutate lifecycle",E23,Specify now; implement non-local providers only with evidence.,Latest ZIP architecture plus Pasted markdown (2).md helper/support-system review; latest ZIP wins on conflict.
IntakeGenerationBuilder,REQUIRED CORE,Immutable accepted observation manifest,Discover/record occurrences and anomalies,Cannot hash/analyze/publish or rediscover after acceptance,E6,Downstream phases consume one frozen observation set.,Latest ZIP architecture plus Pasted markdown (2).md helper/support-system review; latest ZIP wins on conflict.
OccurrenceResolver,CONSOLIDATE INTO INTAKE SERVICE,Occurrence identity and locator normalization,Resolve manifest references,No separate mutable occurrence authority,"E6,E10",A separate micro-service adds ceremony without an independent state boundary.,Latest ZIP architecture plus Pasted markdown (2).md helper/support-system review; latest ZIP wins on conflict.
ContentIdentityService,REQUIRED CORE,Canonical SHA-256 exact-byte identity and occurrence linkage,Stream hash and persist verified identities,Cannot treat path/size/time as content identity,E7,Separates where bytes were found from what bytes are.,Latest ZIP architecture plus Pasted markdown (2).md helper/support-system review; latest ZIP wins on conflict.
ContentCaptureService,USEFUL CORE / OPTIONAL,Managed immutable content capture and replayability state,"Stage, verify, no-replace blob commit",Cannot make managed storage mandatory or alter canonical hash,E12,Needed only for deployments choosing managed content retention.,Latest ZIP architecture plus Pasted markdown (2).md helper/support-system review; latest ZIP wins on conflict.
WorkspaceManager,REQUIRED CORE,Attempt-owned quarantine/workspace lifecycle,Create/allocate/verify/cleanup managed workspace,Cannot write beside source or outside managed roots,"E11,E18,E23",Contains materialization and supports recovery/cleanup.,Latest ZIP architecture plus Pasted markdown (2).md helper/support-system review; latest ZIP wins on conflict.
QuarantineManager,CONSOLIDATE INTO WORKSPACE MANAGER,Quarantine policy and states,Workspace state/policy operations,No second workspace ownership path,E11,Cohesive with workspace lifecycle; separate component would duplicate authority.,Latest ZIP architecture plus Pasted markdown (2).md helper/support-system review; latest ZIP wins on conflict.
StructuralInspectorRegistry,PLUGIN / CORE REGISTRY,Typed structural inspector selection and capabilities,"Read verified content, emit reports",Cannot materialize members or transition state,"E13,E14",Extensible inspection belongs behind typed contracts.,Latest ZIP architecture plus Pasted markdown (2).md helper/support-system review; latest ZIP wins on conflict.
ArchiveBudgetController,CONSOLIDATE INTO RESOURCE BUDGET MANAGER,Cumulative nested archive limits,Reserve/consume archive work budget,Cannot maintain independent counters,"E11,E16",One hierarchical budget avoids inconsistent resource accounting.,Latest ZIP architecture plus Pasted markdown (2).md helper/support-system review; latest ZIP wins on conflict.
MaterializationService,REQUIRED CORE,Exact-report-bound controlled extraction,Materialize accepted members into quarantine,Cannot inspect arbitrary new source paths or publish,"E11,E13",Separates structural decision from side effect.,Latest ZIP architecture plus Pasted markdown (2).md helper/support-system review; latest ZIP wins on conflict.
DerivationRecorder,REQUIRED CORE,Parent/child derivation and extraction lineage,Persist lineage edges with attempts/reports,Cannot mutate content bytes or review decisions,"E11,E13",Every derived artifact must trace to exact parent bytes and operation.,Latest ZIP architecture plus Pasted markdown (2).md helper/support-system review; latest ZIP wins on conflict.
AnalyzerRegistry,REQUIRED CORE,"Analyzer identity, compatibility, declared inputs/outputs",Register/select versioned analyzers,Cannot grant itself capabilities or authority,"E14,E17,E23",Deep Understanding needs deterministic plugin selection.,Latest ZIP architecture plus Pasted markdown (2).md helper/support-system review; latest ZIP wins on conflict.
CapabilityRegistry,REQUIRED CORE,Declared filesystem/network/tool/secret/resource needs,Validate and resolve capabilities,Cannot equate declaration with authorization,"E14,E22",Separates what a plugin requests from what policy grants.,Latest ZIP architecture plus Pasted markdown (2).md helper/support-system review; latest ZIP wins on conflict.
ExecutionBackendRegistry,REQUIRED CORE,Available backend identities and compatibility,Resolve in-process/subprocess/remote adapters,Cannot schedule phases or commit lifecycle state,"E15,E22,E26","Execution location is an adapter, not workflow meaning.",Latest ZIP architecture plus Pasted markdown (2).md helper/support-system review; latest ZIP wins on conflict.
WorkPlanner,USEFUL CORE,Deterministic phase-internal work-item expansion,Create bounded same-phase work sets,Cannot create cross-phase dependencies,E16,Adds parallelism without a generic DAG.,Latest ZIP architecture plus Pasted markdown (2).md helper/support-system review; latest ZIP wins on conflict.
WorkItemScheduler,USEFUL CORE,Bounded local work execution inside one phase,"Queue, dispatch, aggregate, backpressure",Cannot close phases or bypass coordinator,E16,Needed for measurable bounded concurrency.,Latest ZIP architecture plus Pasted markdown (2).md helper/support-system review; latest ZIP wins on conflict.
ResultReuseService,USEFUL CORE,Exact-key deterministic reusable-result lookup,Verify and link compatible prior result,Cannot reuse across changed code/config/input/policy,E16,Content-derived memoization can reduce repeated work safely.,Latest ZIP architecture plus Pasted markdown (2).md helper/support-system review; latest ZIP wins on conflict.
ResourceBudgetManager,REQUIRED CORE,Hierarchical job/phase/work/archive/plugin resource accounting,"Reserve, consume, block, report",No independent per-service uncoordinated quotas,"E11,E16,E22",One resource model prevents hidden amplification.,Latest ZIP architecture plus Pasted markdown (2).md helper/support-system review; latest ZIP wins on conflict.
ControlRequestManager,REQUIRED CORE,Durable pause/resume/cancel request state,Validate/persist/apply at safe points,Cannot edit active runtime maps directly,"E9,E19",Controls must survive process boundaries.,Latest ZIP architecture plus Pasted markdown (2).md helper/support-system review; latest ZIP wins on conflict.
AttemptManager,CONSOLIDATE INTO LIFECYCLE + STATESTORE,Attempt creation/history/successor linkage,Transactional attempt repository operations,No separate state machine owner,"E5,E18","Mechanism is required, but a standalone manager would duplicate coordinator authority.",Latest ZIP architecture plus Pasted markdown (2).md helper/support-system review; latest ZIP wins on conflict.
CheckpointManager,REQUIRED CORE,"Checkpoint compatibility, durability, and resume validation",Write/read/verify phase checkpoints,Cannot resume stale or incompatible state,"E9,E18",Expensive work requires verified recoverable progress.,Latest ZIP architecture plus Pasted markdown (2).md helper/support-system review; latest ZIP wins on conflict.
RetryPolicyResolver,REQUIRED CORE,Retry/block/fail/reconcile decision from durable semantics,Schedule bounded successor attempts,Cannot retry unknown duplicate effects,E18,Replay is safe only when operation semantics are explicit.,Latest ZIP architecture plus Pasted markdown (2).md helper/support-system review; latest ZIP wins on conflict.
FailureClassifier,REQUIRED CORE,Stable typed error category and reason code,Normalize errors and safe diagnostics,Cannot hide raw cause/evidence or authorize retry alone,"E18,E20",Failure meaning drives deterministic policy and operator action.,Latest ZIP architecture plus Pasted markdown (2).md helper/support-system review; latest ZIP wins on conflict.
FencingManager,CONSOLIDATE INTO TRANSITION/CLAIM SERVICES,Monotonic authority generation checks,Validate tokens on transitions/results,No standalone mutable token store,"E5,E19,E26",Fencing is a cross-cutting invariant best enforced at authoritative writes.,Latest ZIP architecture plus Pasted markdown (2).md helper/support-system review; latest ZIP wins on conflict.
IdempotencyService,REQUIRED CORE,Operation/command/publication idempotency identity and prior result,Reserve/finalize/lookup records,Cannot act as authentication or guess equivalence,"E18,E17,E19,E21",Anything executable twice needs duplicate-effect semantics.,Latest ZIP architecture plus Pasted markdown (2).md helper/support-system review; latest ZIP wins on conflict.
RecoveryService,REQUIRED CORE,One startup recovery disposition per nonterminal attempt,"Inspect, persist decision, invoke reconciler",Cannot infer from memory/logs/transport,"E18,E19",Prevents restart from becoming an alternate orchestrator.,Latest ZIP architecture plus Pasted markdown (2).md helper/support-system review; latest ZIP wins on conflict.
ReconciliationHandler,REQUIRED CORE / ADAPTER SET,Operation-specific verification of unknown outcomes,Query exact external/local effect and report evidence,Cannot blindly retry or mark success,"E17,E18,E21,E26",External/partial side effects require typed reconciliation.,Latest ZIP architecture plus Pasted markdown (2).md helper/support-system review; latest ZIP wins on conflict.
DurableEventRecorder,REQUIRED CORE,Authoritative append-only event history paired with state change,Insert event in state transaction,Cannot depend on broker availability,E8,State and event history must commit atomically.,Latest ZIP architecture plus Pasted markdown (2).md helper/support-system review; latest ZIP wins on conflict.
OutboxDispatcher,REQUIRED CORE,Delivery state for committed events,"Lease, publish, confirm, retry, dead-letter",Cannot mutate lifecycle state,"E8,E21",Separates durable truth from transport availability.,Latest ZIP architecture plus Pasted markdown (2).md helper/support-system review; latest ZIP wins on conflict.
StatusProjection,REQUIRED CORE,Canonical read-only job/progress/blocker/provenance status,Read consistent authoritative snapshot,Cannot write state or derive truth from telemetry,E20,Operators need one coherent status model.,Latest ZIP architecture plus Pasted markdown (2).md helper/support-system review; latest ZIP wins on conflict.
TelemetryManager,USEFUL CORE,Structured log/metric/trace adapter composition,Emit bounded non-authoritative telemetry,Cannot become required for correctness,E20,Central composition prevents inconsistent fields and leakage.,Latest ZIP architecture plus Pasted markdown (2).md helper/support-system review; latest ZIP wins on conflict.
DiagnosticBundleBuilder,USEFUL CORE,Sanitized bounded diagnostic export and manifest,Collect/read only; write secure bundle,Cannot include raw content/secrets by default,E20,Supports operations without raw database/log archaeology.,Latest ZIP architecture plus Pasted markdown (2).md helper/support-system review; latest ZIP wins on conflict.
EvidenceService,REQUIRED CORE,Typed evidence records and canonical evidence-set digest,Validate/persist/cite immutable records,Cannot accept self-certified plugin/AI claims as deterministic evidence,E17,Evidence must remain distinct from findings and decisions.,Latest ZIP architecture plus Pasted markdown (2).md helper/support-system review; latest ZIP wins on conflict.
ReviewPolicyEngine,REQUIRED CORE / POLICY INTERFACE,Evaluation requirements for APPROVE/REJECT/HOLD,Evaluate deterministic/deployment policy,Cannot make model output final authority,"E17,E27",Mechanism is core; deployment approval policy remains adaptable.,Latest ZIP architecture plus Pasted markdown (2).md helper/support-system review; latest ZIP wins on conflict.
PublicationCoordinator,REQUIRED CORE,Publication request/attempt/verification/reconciliation state,"Stage, execute adapter, verify, record",Cannot publish without current approved decision,E17,Consequential side effects need a single guarded owner.,Latest ZIP architecture plus Pasted markdown (2).md helper/support-system review; latest ZIP wins on conflict.
DestinationAdapterRegistry,PLUGIN / ADAPTER,Versioned destination capabilities and compatibility,Register/resolve destination adapters,Cannot write decisions or publication success,E17,Destinations vary by deployment and remain bounded plugins.,Latest ZIP architecture plus Pasted markdown (2).md helper/support-system review; latest ZIP wins on conflict.
CompatibilityCatalog,USEFUL CORE,Supported schema/API/plugin/config/checkpoint versions and translators,Validate/translate/report deprecation,Cannot best-effort unknown authority-bearing data,"E23,E24",Centralizes intentional compatibility and migration.,Latest ZIP architecture plus Pasted markdown (2).md helper/support-system review; latest ZIP wins on conflict.
RetentionManager,USEFUL CORE,"Retention classes, holds, cleanup plans, tombstones",Plan/verify/delete managed objects,Cannot delete referenced/held/unknown objects,E23,"Operational durability requires safe, auditable cleanup.",Latest ZIP architecture plus Pasted markdown (2).md helper/support-system review; latest ZIP wins on conflict.
CleanupReconciliationService,CONSOLIDATE INTO RETENTION + RECOVERY,Interrupted cleanup reconciliation,Resume/verify retention plans,No separate generic cleanup authority,"E18,E23",Existing recovery and retention owners cover the cohesive responsibilities.,Latest ZIP architecture plus Pasted markdown (2).md helper/support-system review; latest ZIP wins on conflict.
HealthManager,USEFUL CORE,Liveness/readiness/dependency reason codes,Read checks and projections,Cannot mutate state or hide degradation,"E19,E20",Clear health is essential for daemon/API operations.,Latest ZIP architecture plus Pasted markdown (2).md helper/support-system review; latest ZIP wins on conflict.
PluginTrustPolicy,REQUIRED CORE,Trusted/in-process versus isolated/denied execution decision,"Evaluate descriptor, package identity, grants, backend",Cannot be declared by plugin itself,"E14,E22",Bounds extension authority and isolation.,Latest ZIP architecture plus Pasted markdown (2).md helper/support-system review; latest ZIP wins on conflict.
SecretResolver,OPTIONAL DEPLOYMENT ADAPTER,Resolve short-lived secret references for approved operations,Read scoped secret and return protected handle,Cannot persist/log/transport secret values,"E22,E25,E27",Secrets depend on deployment and should not infect core records.,Latest ZIP architecture plus Pasted markdown (2).md helper/support-system review; latest ZIP wins on conflict.
CommandService,REQUIRED CORE,Typed accepted/rejected control/review/publication command records,Validate/persist idempotent commands,Cannot bypass state/policy guards,"E19,E21,E27",All clients must share one mutation boundary.,Latest ZIP architecture plus Pasted markdown (2).md helper/support-system review; latest ZIP wins on conflict.
StatusService,REQUIRED CORE,Versioned status/evidence/lineage read API,Query projections with pagination/redaction,Cannot mutate state,"E19,E20,E21",Shared read semantics prevent client drift.,Latest ZIP architecture plus Pasted markdown (2).md helper/support-system review; latest ZIP wins on conflict.
AtlasDaemon,REQUIRED LOCAL RUNTIME SERVICE,Active-job claim loop and process lifetime,"Claim, execute, renew, drain, recover",Cannot redefine coordinator semantics,E19,Durable cross-process controls require a long-running owner.,Latest ZIP architecture plus Pasted markdown (2).md helper/support-system review; latest ZIP wins on conflict.
AuthNAuthZProvider,OPTIONAL DEPLOYMENT ADAPTER,Actor authentication and action authorization,Validate identity/claims/policy,Cannot replace core safety/provenance/state guards,"E21,E27",Local core stays simple; exposed deployments fail closed as required.,Latest ZIP architecture plus Pasted markdown (2).md helper/support-system review; latest ZIP wins on conflict.
PostgreSQLStateStore,LATER / EVIDENCE-GATED,Alternate durable StateStore backend,Same conformance contract after approved trigger,Cannot introduce dual writers or semantic drift,E25,Only justified by measured local-backend limits.,Latest ZIP architecture plus Pasted markdown (2).md helper/support-system review; latest ZIP wins on conflict.
ObjectContentStore,LATER / EVIDENCE-GATED,Alternate immutable content backend,Same content contract after approved trigger,Cannot replace SHA-256 identity with provider metadata,E25,Only justified by measured storage requirements.,Latest ZIP architecture plus Pasted markdown (2).md helper/support-system review; latest ZIP wins on conflict.
RemoteWorkerService,LATER / EVIDENCE-GATED,Execute immutable WorkSpec under lease,Scoped artifact IO and result return,No StateStore credentials or state authority,E26,"Distribution changes location, not lifecycle meaning.",Latest ZIP architecture plus Pasted markdown (2).md helper/support-system review; latest ZIP wins on conflict.
MCPAdapter,LATER / OPTIONAL ADAPTER,Read/proposal and configured command tools,Call canonical services,Cannot let prompt/model content authorize mutations,E27,"Useful only after services, review, and security boundaries are mature.",Latest ZIP architecture plus Pasted markdown (2).md helper/support-system review; latest ZIP wins on conflict.
OperatorUI,LATER / OPTIONAL ADAPTER,Human status/review/publication client,Call REST/status/command services,Cannot present proposed/attempted as approved/verified,E27,Operator experience follows semantic stability.,Latest ZIP architecture plus Pasted markdown (2).md helper/support-system review; latest ZIP wins on conflict.
GenericDAGScheduler,UNNECESSARY / REJECT,None,None,Would redefine the six semantic barriers,"E1,E3,E16",No evidence requires generic cross-phase DAG semantics.,Latest ZIP architecture plus Pasted markdown (2).md helper/support-system review; latest ZIP wins on conflict.
MultiAgentOrchestrator,UNNECESSARY / REJECT,None,None,Would put agents above deterministic lifecycle authority,"E1,E27",Contradicts the product-direction thesis.,Latest ZIP architecture plus Pasted markdown (2).md helper/support-system review; latest ZIP wins on conflict.
MandatoryInteractiveApprovalForAllWork,UNNECESSARY / REJECT,None,None,Would burden harmless local analysis and mix policy with mechanism,E17,Use review policy by consequence class.,Latest ZIP architecture plus Pasted markdown (2).md helper/support-system review; latest ZIP wins on conflict.
ServicePerHelperMicroservices,UNNECESSARY / REJECT,None,None,Would add deployment/failure/consistency cost without state boundaries,E1,Consolidate cohesive responsibilities in a small reliable core.,Latest ZIP architecture plus Pasted markdown (2).md helper/support-system review; latest ZIP wins on conflict.
TestLaboratoryController,TEST SUPPORT / NON-RUNTIME,Provision disposable lanes and retain environment/result manifests,Create/destroy approved lab resources and evidence,Cannot mutate ATLAS lifecycle or production resources,"E28,E29,E30",One governed lab prevents environment and evidence drift.,Full package refinement; deep-review Stage 16.
FixtureRegistry,TEST SUPPORT / NON-RUNTIME,"Fixture provenance, bounds, native requirements, oracle, and digest",Generate bounded synthetic fixtures inside lab roots,No production data or unbounded hostile payloads,E29,Makes adversarial evidence reproducible and safe.,Full package refinement; deep-review Stages 8 and 16.
FaultInjector,TEST SUPPORT / TEST-ONLY SEAMS,Arm named deterministic logical/host faults in test lanes,Inject bounded faults and record evidence,Cannot be armed through production config/API/plugin,"E28,E30",Replaces timing-dependent crash tests with reproducible boundaries.,Full package refinement; deep-review crash matrix.
ContractMatrixRunner,TEST SUPPORT / NON-RUNTIME,Run reference/candidate conformance and normalized semantic differentials,Create disposable states and evidence,"Cannot normalize away identity, policy, state, or lineage differences",E29,Preserves semantics across adapters/platforms.,Full package refinement.
ProductionQualificationRunner,RELEASE SUPPORT / NON-RUNTIME,"Execute approved native release-candidate upgrade, fault, soak, restore, and rollback gates",Manage disposable qualification environments and release evidence,No production deployment or credentials; cannot waive gates,E30,Turns release claims into retained evidence.,Full package refinement; T24 and T30.
