Fault ID,Failure class,Injection point / condition,Injection mechanism,Detection,Containment,Retry rule,Recovery,Required evidence,Owning tasks
F-001,Process termination,Before state transaction,External kill/barrier before BEGIN,No durable transition/event,No side effect,Retry from prior durable state,Startup sees unchanged state,"DB snapshot, fault ID, exit, recovery trace","T18.1.4,T28.1.6,T30.1.3"
F-002,Process termination,After state mutation before event/outbox,Named hook/kill inside transaction,Transaction absent after rollback,No transport,Retry guarded transition,Rollback then resume,Rows/events/outbox diff,"T8.1.2,T18.1.4,T30.1.3"
F-003,Process termination,After event/outbox insert before commit,Named hook/kill,No partial rows after rollback,No dispatch before commit,Retry transition,Rollback then resume,"Transaction journal, rows","T8.1.2,T30.1.3"
F-004,Process termination,Immediately after transaction commit,External kill after commit barrier,State/event/outbox present,Prevent duplicate state,Dispatcher/recovery resumes,Treat caller outcome as unknown but inspect durable state,"Rows, sequence, recovery decision","T18.1.4,T30.1.3"
F-005,Host restart,During active phase work,Kill process/runner,Attempt remains nonterminal with fence,Contain workspace and claims,Operation-specific,Startup reconciliation,"Attempt, checkpoint, workspace manifest","T18.1.3,T19.1.4,T30.1.6"
F-006,SQLite contention,Writer lock held,Barrier-held transaction,Busy/timeout metrics,No alternate writer,Bounded backoff only if semantics allow,Retry or block with diagnostics,"Lock wait, attempts, state","T4.1.2,T29.1.4"
F-007,SQLite corruption,Header/page mutation in disposable copy,Bounded corruption helper,Integrity check fails,Quarantine DB/stop writes,No blind retry,Restore from verified backup/forward recovery,Integrity/restore report,"T4.1.4,T30.1.6"
F-008,Disk exhaustion,During DB commit,Quota/fallocate boundary,Typed storage failure,Fail closed; preserve prior DB,Only after capacity restored and integrity verified,Integrity check and operator action,"Disk metrics, DB state, logs","T4.1.4,T28.1.6"
F-009,Disk exhaustion,During event/evidence write,Separate evidence/data quota,Missing write detected,Do not report success,After capacity + reconciliation,Rebuild only from authoritative state when defined,"Rows, missing artifact alarm","T8.1.2,T20.1.4,T28.1.6"
F-010,Source disappearance,After intake before open,Barrier delete,Open/identity failure,Block occurrence,"New generation, not blind retry",Supersede generation or operator action,Occurrence and mutation evidence,"T6.1.4,T30.1.2"
F-011,Source mutation,During hashing,Barrier truncate/append/replace,Pre/post identity mismatch,Discard digest/result,New generation only,Record stale occurrence,"Handle identity, bytes, hashes","T7.1.2,T30.1.2"
F-012,Symlink swap,Between validation and open,Barrier swap link,No-follow/identity check,No target access,New generation if permitted,Block and record anomaly,Native identity trace,"T10.1.2,T29.1.1"
F-013,Root replacement,After source registration,Rename/swap root,SourceRoot identity mismatch,Stop downstream access,No retry under same generation,Require re-registration/intake,Root handle/device evidence,"T10.1.2,T30.1.2"
F-014,Mount escape,Bind/reparse/mount change,Native lane mutation,Mount/object identity mismatch,Do not cross boundary,Policy-dependent new generation,Block/review,"Mount table, source evidence","T10.1.1,T29.1.1"
F-015,Archive traversal,Structural inspection,Synthetic ../ or absolute member,Policy rejection before write,No materialization,Not retryable without policy/input change,Record blocked report,"Structural report, workspace diff","T11.1.2,T29.1.2"
F-016,Archive bomb,Cumulative expanded-byte threshold,Bounded generator/declared sizes,Budget exhaustion event,Stop recursion/materialization,No automatic retry with same budget,Blocked report; cleanup,"Budget ledger, resource peaks","T11.1.2,T29.1.2"
F-017,Nested exhaustion,Depth/member/work budget,Generated nested mixed archives,Cumulative limit reason,Stop subtree/job per policy,No hidden per-level reset,Checkpoint/block/cleanup,Report tree and budget ledger,"T11.1.2,T29.1.2"
F-018,Malformed archive,Parser exception/truncated metadata,Tiny malformed fixture,Typed parser error,No partial trust/output,Retry only with changed parser/input policy,Persist finding and cleanup,"Fixture digest, parser version","T13.1.1,T29.1.2"
F-019,Partial extraction,After some staged members,Kill/fault hook,Workspace incomplete state,No trusted output commit,Resume only from verified checkpoint/report,Reconcile/delete stage,Output manifest diff,"T11.1.3,T29.1.2"
F-020,Content-store crash,After stage before final commit,Fault hook/SIGKILL,Staged object visible only as untrusted,No reference to unverified blob,Retry stage or reconcile,Verify/delete/commit no-replace,Stage/blob metadata,"T12.1.2,T30.1.4"
F-021,Content-store corruption,Existing object bytes mismatch,Mutate disposable blob,Integrity scan failure,Quarantine object/block reads,Repair from verified source only,Rebuild/mark unreplayable,Digest/scan report,"T12.1.4,T30.1.4"
F-022,Concurrent CAS writers,Same content identity,Barrier multiple writers,One verified blob,No overwrite,Losers verify existing,Converge on one object,Object/reference transactions,"T12.1.2,T30.1.4"
F-023,Plugin crash,During analysis,Synthetic plugin raises/exits,Attempt failure taxonomy,Core remains alive,Policy-based successor attempt,Clean workspace/process; retain evidence,Exit/protocol/resource report,"T15.1.4,T29.1.3"
F-024,Plugin timeout,Plugin hangs/spawns child,Bounded hostile fixture,Deadline and child tree detected,Terminate entire tree,Retry only if operation safe,Cleanup and successor attempt,Process tree/resource counters,"T22.1.2,T29.1.3"
F-025,Plugin memory exhaustion,Allocation within outer quota,Resource fixture,Quota event/termination,Protect coordinator/host,No immediate storm retry,Typed resource failure,cgroup/Job Object metrics,"T22.1.3,T28.1.4"
F-026,Plugin output flood,stdout/stderr/result size,Bounded flood fixture,Output cap counter,Truncate/terminate without log exhaustion,Policy-based,Retain bounded diagnostic,Byte counters and result,"T22.1.3,T29.1.3"
F-027,Forged plugin result,Wrong job/attempt/content/config IDs,Malformed protocol fixture,Coordinator validation failure,No authoritative commit,Never retry as valid,Security event and failure,WorkSpec/result identity diff,"T15.1.3,T29.1.3"
F-028,Cancellation race,Cancel during result commit,Barrier around commit,Guard/fence determines winner,Exactly one legal terminal outcome,No duplicate attempt effects,Persist winner and status,Command/transition trace,"T9.1.3,T29.1.4"
F-029,Pause safe-point delay,Long-running work before poll,Controlled work item,Progress shows pending control,No new unsafe work after safe point,Resume from verified checkpoint,Acknowledge or timeout/force policy,Control/checkpoint trace,"T9.1.3,T18.1.4"
F-030,Stale checkpoint,Code/config/input/policy changed,Modify compatibility digest,Resume validation failure,Do not load stale state,Restart phase/new attempt,Record rejection and reason,Checkpoint manifest/digests,"T9.1.4,T18.1.3"
F-031,Duplicate command,Repeated start/cancel/review/publish ID,Replay same idempotency key,Same prior result returned,No duplicate state/effect,No new work,Audit duplicate resolution,Command/idempotency rows,"T18.1.2,T29.1.4"
F-032,Stale lease,Worker result after lease expiry,Advance lease/fence,Fence rejection,No state/result commit,Do not retry stale result,New owner/reconcile,Lease/fence trace,"T19.1.2,T29.1.4"
F-033,Worker loss,After dispatch before result,Kill worker/network,Heartbeat/lease expiry,Contain task authority,Successor only after fence,Requeue/reconcile,"Lease, WorkSpec, attempts","T26.1.3,T26.1.4"
F-034,Event backend outage,Broker unavailable after state commit,Stop service,Outbox pending/backlog,State remains authoritative,Bounded dispatcher retry,Resume delivery,Outbox/health metrics,"T8.1.3,T28.1.5"
F-035,Event duplicate,Publisher timeout after broker accepts,Script ack ambiguity,Duplicate transport attempt,Consumer idempotency,Retry delivery only,Confirm/idempotency reconciliation,"Message IDs, consumer effects","T8.1.3,T30.1.3"
F-036,Event consumer failure,After effect before ack,Crash consumer,Delivery redelivered,No duplicate consumer effect,Idempotent replay,Ack after prior-result lookup,Delivery/effect records,"T21.1.3,T30.1.3"
F-037,Poison event,Schema-invalid or repeatedly failing,Synthetic message,Validation/dead-letter threshold,No lifecycle mutation,Bounded retry,DLQ and operator diagnostics,Schema/error/DLQ record,"T8.1.3,T28.1.5"
F-038,Backpressure,Transport unavailable/event surge,Bounded event generator,Outbox depth/age threshold,Throttle nonessential work/telemetry,Controlled dispatcher retry,Drain after recovery,Queue metrics and loss policy,"T8.1.4,T24.1.4"
F-039,Publication timeout,"Destination mutated, response lost",Scripted destination,Unknown outcome state,No blind repeat,Reconcile by idempotency/query,Verify or HOLD,Destination/effect/idempotency log,"T17.1.4,T30.1.5"
F-040,Publication conflict,Pre-existing different destination content,Conditional create conflict,Conflict verification,No overwrite,No retry without policy,HOLD/review,Destination digest and decision,"T17.1.4,T30.1.5"
F-041,Decision revocation,After stage before commit,Barrier revoke decision,Current-decision guard fails,Destroy/hold stage,No execution,Record revoked attempt,Decision/publication trace,"T17.1.3,T30.1.5"
F-042,Migration failure,DDL/data step interrupted,Fault hook/kill,Migration status incomplete,Block runtime writes,Resume/rollback per migration contract,Restore backup or forward-fix,"Migration log, schema digest","T4.1.3,T4.1.4"
F-043,Incompatible schema,Newer DB/config/event/plugin/checkpoint,Version fixture,Compatibility rejection,Fail closed/read-only diagnostics,No best-effort mutation,Use translator/upgrade or rollback,Version catalog and error,"T23.1.2,T24.1.2"
F-044,Invalid configuration,Unknown/deprecated/conflicting keys,Versioned config fixture,Validation error before runtime,No job/state creation,No automatic retry,Correct configuration and restart,Diagnostic with source/merge order,"T3.1.2,T3.1.3"
F-045,External dependency outage,Analyzer/tool/service unavailable,Service double/process denial,Typed dependency error,Contain phase/attempt,Policy-specific bounded retry,Checkpoint/reconcile/operator block,Dependency health/error trace,"T18.1.2,T28.1.5"
F-046,Temporary storage exhaustion,Workspace exceeds quota,Attempt-owned quota,Budget violation,Terminate materialization/plugin,Retry only with approved budget/input change,Cleanup/reconcile workspace,Quota ledger and cleanup,"T11.1.1,T16.1.4"
F-047,Retention interruption,Delete plan partially applied,Kill during cleanup,Tombstone/plan incomplete,No referenced/held object loss,Resume idempotently,Reconcile plan and verify,Retention plan/object refs,"T23.1.1,T18.1.3"
F-048,Clock skew,Wall time jumps backward/forward,Injectable clock,Monotonic ordering/fence unchanged,No premature authority,Deadline policy only,Record skew and continue/block,Clock/lease/event trace,"T28.1.6,T29.1.4"
F-049,Diagnostic backend failure,Log/metric/trace sink unavailable,Disable/fail adapter,Health/degraded status,Correctness unaffected,Retry telemetry only,Resume without state replay,Dropped/degraded counters,"T20.1.1,T20.1.2"
F-050,Release rollback failure,Old code cannot read migrated state,Qualification fixture,Compatibility gate fails,Do not deploy/rollback blindly,Forward-fix or restore verified backup,Execute disaster runbook,Backup/restore/version evidence,"T24.1.4,T30.1.6"
