Benchmark ID,Workload,Generator / profile,Environment controls,Metrics,Semantic guard,Decision / falsification rule,Owning tasks
BM-001,Small-file intake,"10,000 generated 1–16 KiB files, cold/warm cache","Record hardware, architecture, OS/kernel, filesystem/mount, Python/dependencies, DB/service versions, ATLAS ref/config/schema/plugin/fixture versions, warm/cold cache, repetitions.","Discovery throughput, syscalls, DB writes, event rate, memory","Run identity, state, lineage, safety, recovery, and output-equivalence assertions alongside performance measurements.",No universal target is invented. Compare against recorded baseline with noise/confidence; reject optimization or scale adapter if benefit is not reproducible or semantics regress.,"T6.1.2,T24.1.4"
BM-002,Medium tree,"100,000 generated mixed-size files and directories","Record hardware, architecture, OS/kernel, filesystem/mount, Python/dependencies, DB/service versions, ATLAS ref/config/schema/plugin/fixture versions, warm/cold cache, repetitions.","Entries/s, peak memory, progress accuracy, checkpoint size, SQLite contention","Run identity, state, lineage, safety, recovery, and output-equivalence assertions alongside performance measurements.",No universal target is invented. Compare against recorded baseline with noise/confidence; reject optimization or scale adapter if benefit is not reproducible or semantics regress.,"T6.1.2,T9.1.2,T24.1.4"
BM-003,Million-entry tree,"1,000,000 metadata-light generated entries on approved native FS","Record hardware, architecture, OS/kernel, filesystem/mount, Python/dependencies, DB/service versions, ATLAS ref/config/schema/plugin/fixture versions, warm/cold cache, repetitions.","Traversal time, memory slope, inode pressure, cancellation latency, recovery","Run identity, state, lineage, safety, recovery, and output-equivalence assertions alongside performance measurements.",No universal target is invented. Compare against recorded baseline with noise/confidence; reject optimization or scale adapter if benefit is not reproducible or semantics regress.,"T29.1.1,T24.1.4"
BM-004,Large file hashing,1 GiB and larger synthetic files generated/sparse per approved profile,"Record hardware, architecture, OS/kernel, filesystem/mount, Python/dependencies, DB/service versions, ATLAS ref/config/schema/plugin/fixture versions, warm/cold cache, repetitions.","Hash throughput, read amplification, memory, cancellation/checkpoint behavior","Run identity, state, lineage, safety, recovery, and output-equivalence assertions alongside performance measurements.",No universal target is invented. Compare against recorded baseline with noise/confidence; reject optimization or scale adapter if benefit is not reproducible or semantics regress.,"T7.1.2,T24.1.4"
BM-005,Hash-and-capture comparison,Same large files under identity-only vs managed-content mode,"Record hardware, architecture, OS/kernel, filesystem/mount, Python/dependencies, DB/service versions, ATLAS ref/config/schema/plugin/fixture versions, warm/cold cache, repetitions.","I/O, bytes copied, throughput, storage, replayability","Run identity, state, lineage, safety, recovery, and output-equivalence assertions alongside performance measurements.",No universal target is invented. Compare against recorded baseline with noise/confidence; reject optimization or scale adapter if benefit is not reproducible or semantics regress.,"T12.1.2,T30.1.4"
BM-006,Duplicate-heavy rerun,90%+ repeated content with changed occurrence paths,"Record hardware, architecture, OS/kernel, filesystem/mount, Python/dependencies, DB/service versions, ATLAS ref/config/schema/plugin/fixture versions, warm/cold cache, repetitions.","Dedup lookup latency, work avoided, DB pressure, correctness of misses","Run identity, state, lineage, safety, recovery, and output-equivalence assertions alongside performance measurements.",No universal target is invented. Compare against recorded baseline with noise/confidence; reject optimization or scale adapter if benefit is not reproducible or semantics regress.,"T7.1.3,T16.1.3,T30.1.4"
BM-007,Archive member flood,Generated archive near approved member-count limit,"Record hardware, architecture, OS/kernel, filesystem/mount, Python/dependencies, DB/service versions, ATLAS ref/config/schema/plugin/fixture versions, warm/cold cache, repetitions.","Inspection time, memory, event volume, budget enforcement latency","Run identity, state, lineage, safety, recovery, and output-equivalence assertions alongside performance measurements.",No universal target is invented. Compare against recorded baseline with noise/confidence; reject optimization or scale adapter if benefit is not reproducible or semantics regress.,"T11.1.2,T29.1.2"
BM-008,Nested archive workload,Mixed ZIP/TAR nested to approved depth/byte budget,"Record hardware, architecture, OS/kernel, filesystem/mount, Python/dependencies, DB/service versions, ATLAS ref/config/schema/plugin/fixture versions, warm/cold cache, repetitions.","Recursive work, checkpoint/recovery cost, cumulative budget accuracy","Run identity, state, lineage, safety, recovery, and output-equivalence assertions alongside performance measurements.",No universal target is invented. Compare against recorded baseline with noise/confidence; reject optimization or scale adapter if benefit is not reproducible or semantics regress.,"T11.1.2,T29.1.2"
BM-009,Controlled extraction,Large member set into quarantine under quota,"Record hardware, architecture, OS/kernel, filesystem/mount, Python/dependencies, DB/service versions, ATLAS ref/config/schema/plugin/fixture versions, warm/cold cache, repetitions.","Write throughput, temp bytes, manifest cost, cleanup/recovery time","Run identity, state, lineage, safety, recovery, and output-equivalence assertions alongside performance measurements.",No universal target is invented. Compare against recorded baseline with noise/confidence; reject optimization or scale adapter if benefit is not reproducible or semantics regress.,"T11.1.3,T24.1.4"
BM-010,Analyzer fan-out,Multiple deterministic CPU/I/O analyzers over identical inputs,"Record hardware, architecture, OS/kernel, filesystem/mount, Python/dependencies, DB/service versions, ATLAS ref/config/schema/plugin/fixture versions, warm/cold cache, repetitions.","Work-item scheduling, CPU utilization, memory, phase barrier latency","Run identity, state, lineage, safety, recovery, and output-equivalence assertions alongside performance measurements.",No universal target is invented. Compare against recorded baseline with noise/confidence; reject optimization or scale adapter if benefit is not reproducible or semantics regress.,"T16.1.2,T24.1.4"
BM-011,Plugin startup,Repeated small WorkSpecs in-process vs subprocess/container,"Record hardware, architecture, OS/kernel, filesystem/mount, Python/dependencies, DB/service versions, ATLAS ref/config/schema/plugin/fixture versions, warm/cold cache, repetitions.","Startup overhead, throughput, isolation cost, cleanup","Run identity, state, lineage, safety, recovery, and output-equivalence assertions alongside performance measurements.",No universal target is invented. Compare against recorded baseline with noise/confidence; reject optimization or scale adapter if benefit is not reproducible or semantics regress.,"T15.1.2,T22.1.2,T28.1.4"
BM-012,Concurrent jobs,Approved concurrent job counts with mixed workloads,"Record hardware, architecture, OS/kernel, filesystem/mount, Python/dependencies, DB/service versions, ATLAS ref/config/schema/plugin/fixture versions, warm/cold cache, repetitions.","Throughput, tail latency, fairness, SQLite lock time, memory/temp pressure","Run identity, state, lineage, safety, recovery, and output-equivalence assertions alongside performance measurements.",No universal target is invented. Compare against recorded baseline with noise/confidence; reject optimization or scale adapter if benefit is not reproducible or semantics regress.,"T16.1.2,T19.1.2,T24.1.4"
BM-013,Event surge,High progress/detail event rate with sampled/retained policy,"Record hardware, architecture, OS/kernel, filesystem/mount, Python/dependencies, DB/service versions, ATLAS ref/config/schema/plugin/fixture versions, warm/cold cache, repetitions.","DB/outbox writes, queue depth, delivery lag, drops, CPU, storage","Run identity, state, lineage, safety, recovery, and output-equivalence assertions alongside performance measurements.",No universal target is invented. Compare against recorded baseline with noise/confidence; reject optimization or scale adapter if benefit is not reproducible or semantics regress.,"T8.1.4,T24.1.4"
BM-014,SQLite writer contention,Multiple processes/attempts at deterministic transaction boundaries,"Record hardware, architecture, OS/kernel, filesystem/mount, Python/dependencies, DB/service versions, ATLAS ref/config/schema/plugin/fixture versions, warm/cold cache, repetitions.","Busy time, transaction latency, failure rate, recovery, operator impact","Run identity, state, lineage, safety, recovery, and output-equivalence assertions alongside performance measurements.",No universal target is invented. Compare against recorded baseline with noise/confidence; reject optimization or scale adapter if benefit is not reproducible or semantics regress.,"T4.1.2,T29.1.4"
BM-015,Status projection scale,Jobs with large occurrence/finding/event histories,"Record hardware, architecture, OS/kernel, filesystem/mount, Python/dependencies, DB/service versions, ATLAS ref/config/schema/plugin/fixture versions, warm/cold cache, repetitions.","Query latency, memory, pagination, sparse projection cost","Run identity, state, lineage, safety, recovery, and output-equivalence assertions alongside performance measurements.",No universal target is invented. Compare against recorded baseline with noise/confidence; reject optimization or scale adapter if benefit is not reproducible or semantics regress.,"T20.1.3,T24.1.4"
BM-016,Checkpoint cost,Discovery/hash/archive/analyzer checkpoints at multiple intervals,"Record hardware, architecture, OS/kernel, filesystem/mount, Python/dependencies, DB/service versions, ATLAS ref/config/schema/plugin/fixture versions, warm/cold cache, repetitions.","Work lost, checkpoint bytes/time, resume latency, DB pressure","Run identity, state, lineage, safety, recovery, and output-equivalence assertions alongside performance measurements.",No universal target is invented. Compare against recorded baseline with noise/confidence; reject optimization or scale adapter if benefit is not reproducible or semantics regress.,"T9.1.4,T24.1.4"
BM-017,Crash recovery,Repeated hard kills at selected high-cost boundaries,"Record hardware, architecture, OS/kernel, filesystem/mount, Python/dependencies, DB/service versions, ATLAS ref/config/schema/plugin/fixture versions, warm/cold cache, repetitions.","Recovery time, duplicate work/effects, operator steps, evidence completeness","Run identity, state, lineage, safety, recovery, and output-equivalence assertions alongside performance measurements.",No universal target is invented. Compare against recorded baseline with noise/confidence; reject optimization or scale adapter if benefit is not reproducible or semantics regress.,"T18.1.4,T30.1.3"
BM-018,Retention cleanup,"Large mix of referenced, held, orphaned, staged, and expired objects","Record hardware, architecture, OS/kernel, filesystem/mount, Python/dependencies, DB/service versions, ATLAS ref/config/schema/plugin/fixture versions, warm/cold cache, repetitions.","Plan time, deletion throughput, DB/storage pressure, false-deletion rate","Run identity, state, lineage, safety, recovery, and output-equivalence assertions alongside performance measurements.",No universal target is invented. Compare against recorded baseline with noise/confidence; reject optimization or scale adapter if benefit is not reproducible or semantics regress.,"T23.1.1,T24.1.4"
BM-019,Publication adapter,Batched idempotent publications with delays/conflicts/timeouts,"Record hardware, architecture, OS/kernel, filesystem/mount, Python/dependencies, DB/service versions, ATLAS ref/config/schema/plugin/fixture versions, warm/cold cache, repetitions.","End-to-end latency, retries, reconciliation cost, duplicate-visible effects","Run identity, state, lineage, safety, recovery, and output-equivalence assertions alongside performance measurements.",No universal target is invented. Compare against recorded baseline with noise/confidence; reject optimization or scale adapter if benefit is not reproducible or semantics regress.,"T17.1.4,T30.1.5"
BM-020,Remote worker optional,Local vs isolated remote execution with artifact transfer,"Record hardware, architecture, OS/kernel, filesystem/mount, Python/dependencies, DB/service versions, ATLAS ref/config/schema/plugin/fixture versions, warm/cold cache, repetitions.","Queue/transfer overhead, utilization, throughput, recovery, operator burden","Run identity, state, lineage, safety, recovery, and output-equivalence assertions alongside performance measurements.",No universal target is invented. Compare against recorded baseline with noise/confidence; reject optimization or scale adapter if benefit is not reproducible or semantics regress.,T26.1.4
BM-021,PostgreSQL optional,SQLite reference vs approved PostgreSQL adapter,"Record hardware, architecture, OS/kernel, filesystem/mount, Python/dependencies, DB/service versions, ATLAS ref/config/schema/plugin/fixture versions, warm/cold cache, repetitions.","Transaction/query throughput, contention, recovery, operational cost","Run identity, state, lineage, safety, recovery, and output-equivalence assertions alongside performance measurements.",No universal target is invented. Compare against recorded baseline with noise/confidence; reject optimization or scale adapter if benefit is not reproducible or semantics regress.,"T25.1.1,T25.1.3"
BM-022,Object store optional,Local content store vs approved object adapter,"Record hardware, architecture, OS/kernel, filesystem/mount, Python/dependencies, DB/service versions, ATLAS ref/config/schema/plugin/fixture versions, warm/cold cache, repetitions.","Put/get/verify latency, transfer bytes, conditional-write contention, cost","Run identity, state, lineage, safety, recovery, and output-equivalence assertions alongside performance measurements.",No universal target is invented. Compare against recorded baseline with noise/confidence; reject optimization or scale adapter if benefit is not reproducible or semantics regress.,"T25.1.1,T25.1.4"
BM-023,Long-haul soak,"Approved 24–72h-equivalent duration/profile, not hard-coded until approved","Record hardware, architecture, OS/kernel, filesystem/mount, Python/dependencies, DB/service versions, ATLAS ref/config/schema/plugin/fixture versions, warm/cold cache, repetitions.","Leaks, backlog growth, disk/temp growth, retries, health, recovery time","Run identity, state, lineage, safety, recovery, and output-equivalence assertions alongside performance measurements.",No universal target is invented. Compare against recorded baseline with noise/confidence; reject optimization or scale adapter if benefit is not reproducible or semantics regress.,"T24.1.4,T30.1.6"
