Fixture ID,Category,Name,Safe construction / generator,Hard bounds,Expected oracle,Cleanup,Provenance / sensitivity,Owning tasks
FS-001,filesystem,Symlink loop,Generator creates two links forming a loop inside lab root,"Synthetic only; generated inside disposable root; task/lab-specific byte, entry, depth, process, time, and output ceilings.","Traversal terminates, anomaly recorded, no escape","External teardown verifies no process, mount, listener, temp tree, or destination effect remains unless retained as sanitized evidence.","Repository-generated synthetic fixture; no credentials, personal data, exploit secrets, or production content.",T29.1.1
FS-002,filesystem,Symlink to outside root,Link targets synthetic sibling outside allowed root,"Synthetic only; generated inside disposable root; task/lab-specific byte, entry, depth, process, time, and output ceilings.",Rejected before read; no outside access,"External teardown verifies no process, mount, listener, temp tree, or destination effect remains unless retained as sanitized evidence.","Repository-generated synthetic fixture; no credentials, personal data, exploit secrets, or production content.","T29.1.1,T30.1.2"
FS-003,filesystem,Hard-link alias,Two paths reference same synthetic file,"Synthetic only; generated inside disposable root; task/lab-specific byte, entry, depth, process, time, and output ceilings.",Distinct occurrences may link to one content identity,"External teardown verifies no process, mount, listener, temp tree, or destination effect remains unless retained as sanitized evidence.","Repository-generated synthetic fixture; no credentials, personal data, exploit secrets, or production content.",T29.1.1
FS-004,filesystem,Root replacement,Barrier renames accepted root and substitutes another,"Synthetic only; generated inside disposable root; task/lab-specific byte, entry, depth, process, time, and output ceilings.",Generation becomes stale/blocked,"External teardown verifies no process, mount, listener, temp tree, or destination effect remains unless retained as sanitized evidence.","Repository-generated synthetic fixture; no credentials, personal data, exploit secrets, or production content.","T29.1.1,T30.1.2"
FS-005,filesystem,File replacement after stat,Barrier replaces inode/file ID before open,"Synthetic only; generated inside disposable root; task/lab-specific byte, entry, depth, process, time, and output ceilings.",Identity mismatch; no silent substitution,"External teardown verifies no process, mount, listener, temp tree, or destination effect remains unless retained as sanitized evidence.","Repository-generated synthetic fixture; no credentials, personal data, exploit secrets, or production content.","T29.1.1,T30.1.2"
FS-006,filesystem,Truncate during hash,Writer truncates after verified open barrier,"Synthetic only; generated inside disposable root; task/lab-specific byte, entry, depth, process, time, and output ceilings.",Original exact bytes or mutation failure; no incorrect digest,"External teardown verifies no process, mount, listener, temp tree, or destination effect remains unless retained as sanitized evidence.","Repository-generated synthetic fixture; no credentials, personal data, exploit secrets, or production content.","T29.1.1,T30.1.2"
FS-007,filesystem,Append during hash,Writer appends bounded bytes during read,"Synthetic only; generated inside disposable root; task/lab-specific byte, entry, depth, process, time, and output ceilings.",Mutation detected or exact final identity recorded per contract,"External teardown verifies no process, mount, listener, temp tree, or destination effect remains unless retained as sanitized evidence.","Repository-generated synthetic fixture; no credentials, personal data, exploit secrets, or production content.","T29.1.1,T30.1.2"
FS-008,filesystem,Case-collision pair,Names differ only by case,"Synthetic only; generated inside disposable root; task/lab-specific byte, entry, depth, process, time, and output ceilings.",Platform-specific collision handled explicitly,"External teardown verifies no process, mount, listener, temp tree, or destination effect remains unless retained as sanitized evidence.","Repository-generated synthetic fixture; no credentials, personal data, exploit secrets, or production content.","T28.1.3,T29.1.1"
FS-009,filesystem,Unicode NFC/NFD collision,Equivalent-looking normalized names,"Synthetic only; generated inside disposable root; task/lab-specific byte, entry, depth, process, time, and output ceilings.",Distinct/blocked according to platform policy; no overwrite,"External teardown verifies no process, mount, listener, temp tree, or destination effect remains unless retained as sanitized evidence.","Repository-generated synthetic fixture; no credentials, personal data, exploit secrets, or production content.","T28.1.3,T29.1.1"
FS-010,filesystem,Windows reserved/device names,Synthetic vectors such as reserved basenames,"Synthetic only; generated inside disposable root; task/lab-specific byte, entry, depth, process, time, and output ceilings.",Rejected without device access,"External teardown verifies no process, mount, listener, temp tree, or destination effect remains unless retained as sanitized evidence.","Repository-generated synthetic fixture; no credentials, personal data, exploit secrets, or production content.","T28.1.3,T29.1.1"
FS-011,filesystem,Long path/name boundary,Generator creates lengths around approved limits,"Synthetic only; generated inside disposable root; task/lab-specific byte, entry, depth, process, time, and output ceilings.",Deterministic accept/reject with no truncation collision,"External teardown verifies no process, mount, listener, temp tree, or destination effect remains unless retained as sanitized evidence.","Repository-generated synthetic fixture; no credentials, personal data, exploit secrets, or production content.",T29.1.1
FS-012,filesystem,Special file set,FIFO/socket/device placeholders only in privileged disposable lane,"Synthetic only; generated inside disposable root; task/lab-specific byte, entry, depth, process, time, and output ceilings.",Rejected or skipped with stable reason; never opened as regular file,"External teardown verifies no process, mount, listener, temp tree, or destination effect remains unless retained as sanitized evidence.","Repository-generated synthetic fixture; no credentials, personal data, exploit secrets, or production content.","T28.1.2,T29.1.1"
FS-013,filesystem,Read-only and permission flip,Permissions change at named barrier,"Synthetic only; generated inside disposable root; task/lab-specific byte, entry, depth, process, time, and output ceilings.",Typed failure and no partial success,"External teardown verifies no process, mount, listener, temp tree, or destination effect remains unless retained as sanitized evidence.","Repository-generated synthetic fixture; no credentials, personal data, exploit secrets, or production content.","T29.1.1,T28.1.6"
FS-014,filesystem,Sparse multi-gigabyte logical file,Tiny physical allocation under hard quota,"Synthetic only; generated inside disposable root; task/lab-specific byte, entry, depth, process, time, and output ceilings.",Streaming behavior; budgets use defined logical/physical semantics,"External teardown verifies no process, mount, listener, temp tree, or destination effect remains unless retained as sanitized evidence.","Repository-generated synthetic fixture; no credentials, personal data, exploit secrets, or production content.","T29.1.1,T24.1.4"
FS-015,filesystem,Million-entry generated tree,Deterministic generator; no checked-in output,"Synthetic only; generated inside disposable root; task/lab-specific byte, entry, depth, process, time, and output ceilings.",Bounded memory/progress/checkpoint behavior,"External teardown verifies no process, mount, listener, temp tree, or destination effect remains unless retained as sanitized evidence.","Repository-generated synthetic fixture; no credentials, personal data, exploit secrets, or production content.","T29.1.1,T24.1.4"
AR-001,archive,ZIP parent traversal,Member `../outside` in tiny ZIP,"Synthetic only; generated inside disposable root; task/lab-specific byte, entry, depth, process, time, and output ceilings.",Blocked before output creation,"External teardown verifies no process, mount, listener, temp tree, or destination effect remains unless retained as sanitized evidence.","Repository-generated synthetic fixture; no credentials, personal data, exploit secrets, or production content.",T29.1.2
AR-002,archive,TAR absolute path,Absolute member name,"Synthetic only; generated inside disposable root; task/lab-specific byte, entry, depth, process, time, and output ceilings.",Blocked before output creation,"External teardown verifies no process, mount, listener, temp tree, or destination effect remains unless retained as sanitized evidence.","Repository-generated synthetic fixture; no credentials, personal data, exploit secrets, or production content.",T29.1.2
AR-003,archive,Mixed separator traversal,Backslash/forward-slash and dot segments,"Synthetic only; generated inside disposable root; task/lab-specific byte, entry, depth, process, time, and output ceilings.",Canonical policy rejection,"External teardown verifies no process, mount, listener, temp tree, or destination effect remains unless retained as sanitized evidence.","Repository-generated synthetic fixture; no credentials, personal data, exploit secrets, or production content.",T29.1.2
AR-004,archive,Symlink member,Archive member declares symlink,"Synthetic only; generated inside disposable root; task/lab-specific byte, entry, depth, process, time, and output ceilings.",Blocked or represented structurally; never followed during extraction,"External teardown verifies no process, mount, listener, temp tree, or destination effect remains unless retained as sanitized evidence.","Repository-generated synthetic fixture; no credentials, personal data, exploit secrets, or production content.",T29.1.2
AR-005,archive,Hard-link member,TAR hard-link entry,"Synthetic only; generated inside disposable root; task/lab-specific byte, entry, depth, process, time, and output ceilings.",Blocked or explicitly policy-handled with no escape,"External teardown verifies no process, mount, listener, temp tree, or destination effect remains unless retained as sanitized evidence.","Repository-generated synthetic fixture; no credentials, personal data, exploit secrets, or production content.",T29.1.2
AR-006,archive,Device/FIFO member,Special entry metadata,"Synthetic only; generated inside disposable root; task/lab-specific byte, entry, depth, process, time, and output ceilings.",Blocked before materialization,"External teardown verifies no process, mount, listener, temp tree, or destination effect remains unless retained as sanitized evidence.","Repository-generated synthetic fixture; no credentials, personal data, exploit secrets, or production content.",T29.1.2
AR-007,archive,Duplicate member names,Same normalized path repeated,"Synthetic only; generated inside disposable root; task/lab-specific byte, entry, depth, process, time, and output ceilings.",Deterministic conflict result; no last-write ambiguity,"External teardown verifies no process, mount, listener, temp tree, or destination effect remains unless retained as sanitized evidence.","Repository-generated synthetic fixture; no credentials, personal data, exploit secrets, or production content.",T29.1.2
AR-008,archive,Case/Unicode member collision,Names collide on target filesystem,"Synthetic only; generated inside disposable root; task/lab-specific byte, entry, depth, process, time, and output ceilings.",Blocked before materialization,"External teardown verifies no process, mount, listener, temp tree, or destination effect remains unless retained as sanitized evidence.","Repository-generated synthetic fixture; no credentials, personal data, exploit secrets, or production content.","T29.1.2,T28.1.3"
AR-009,archive,Truncated ZIP central directory,Tiny malformed bytes,"Synthetic only; generated inside disposable root; task/lab-specific byte, entry, depth, process, time, and output ceilings.",Typed structural error; no crash/partial trust,"External teardown verifies no process, mount, listener, temp tree, or destination effect remains unless retained as sanitized evidence.","Repository-generated synthetic fixture; no credentials, personal data, exploit secrets, or production content.",T29.1.2
AR-010,archive,Malformed TAR size/header,Invalid bounded header values,"Synthetic only; generated inside disposable root; task/lab-specific byte, entry, depth, process, time, and output ceilings.",Typed structural error and bounded parser resources,"External teardown verifies no process, mount, listener, temp tree, or destination effect remains unless retained as sanitized evidence.","Repository-generated synthetic fixture; no credentials, personal data, exploit secrets, or production content.",T29.1.2
AR-011,archive,High compression ratio generator,Small generated repeated bytes below outer cap,"Synthetic only; generated inside disposable root; task/lab-specific byte, entry, depth, process, time, and output ceilings.",Cumulative ratio/expanded-byte budget blocks safely,"External teardown verifies no process, mount, listener, temp tree, or destination effect remains unless retained as sanitized evidence.","Repository-generated synthetic fixture; no credentials, personal data, exploit secrets, or production content.",T29.1.2
AR-012,archive,Member-count flood generator,Many zero/tiny members below fixed cap,"Synthetic only; generated inside disposable root; task/lab-specific byte, entry, depth, process, time, and output ceilings.",Member budget triggers with bounded memory,"External teardown verifies no process, mount, listener, temp tree, or destination effect remains unless retained as sanitized evidence.","Repository-generated synthetic fixture; no credentials, personal data, exploit secrets, or production content.",T29.1.2
AR-013,archive,Deep nested mixed ZIP/TAR,Generated nested chain under outer cap,"Synthetic only; generated inside disposable root; task/lab-specific byte, entry, depth, process, time, and output ceilings.",Cumulative depth/work budget and deterministic partial report,"External teardown verifies no process, mount, listener, temp tree, or destination effect remains unless retained as sanitized evidence.","Repository-generated synthetic fixture; no credentials, personal data, exploit secrets, or production content.",T29.1.2
AR-014,archive,Sparse TAR member,Large logical sparse entry with tiny physical fixture,"Synthetic only; generated inside disposable root; task/lab-specific byte, entry, depth, process, time, and output ceilings.",Budget policy blocks or accounts correctly,"External teardown verifies no process, mount, listener, temp tree, or destination effect remains unless retained as sanitized evidence.","Repository-generated synthetic fixture; no credentials, personal data, exploit secrets, or production content.",T29.1.2
AR-015,archive,Encrypted/unsupported method,Tiny encrypted or unsupported metadata fixture,"Synthetic only; generated inside disposable root; task/lab-specific byte, entry, depth, process, time, and output ceilings.",Explicit unsupported/blocked outcome; no password guessing,"External teardown verifies no process, mount, listener, temp tree, or destination effect remains unless retained as sanitized evidence.","Repository-generated synthetic fixture; no credentials, personal data, exploit secrets, or production content.",T29.1.2
PL-001,plugin,Benign reference analyzer,Returns deterministic typed finding,"Synthetic only; generated inside disposable root; task/lab-specific byte, entry, depth, process, time, and output ceilings.",Same normalized result across supported backends,"External teardown verifies no process, mount, listener, temp tree, or destination effect remains unless retained as sanitized evidence.","Repository-generated synthetic fixture; no credentials, personal data, exploit secrets, or production content.",T29.1.3
PL-002,plugin,Immediate crash,Raises/exits before result,"Synthetic only; generated inside disposable root; task/lab-specific byte, entry, depth, process, time, and output ceilings.",Attempt fails; coordinator survives; cleanup proven,"External teardown verifies no process, mount, listener, temp tree, or destination effect remains unless retained as sanitized evidence.","Repository-generated synthetic fixture; no credentials, personal data, exploit secrets, or production content.",T29.1.3
PL-003,plugin,Hang,Sleeps/waits beyond deadline,"Synthetic only; generated inside disposable root; task/lab-specific byte, entry, depth, process, time, and output ceilings.",Timeout terminates complete process tree,"External teardown verifies no process, mount, listener, temp tree, or destination effect remains unless retained as sanitized evidence.","Repository-generated synthetic fixture; no credentials, personal data, exploit secrets, or production content.",T29.1.3
PL-004,plugin,Detached child attempt,Spawns bounded child that changes group/session,"Synthetic only; generated inside disposable root; task/lab-specific byte, entry, depth, process, time, and output ceilings.",Outer observer proves descendant cleanup,"External teardown verifies no process, mount, listener, temp tree, or destination effect remains unless retained as sanitized evidence.","Repository-generated synthetic fixture; no credentials, personal data, exploit secrets, or production content.","T29.1.3,T28.1.4"
PL-005,plugin,Output flood,Writes bounded repeated stdout/stderr,"Synthetic only; generated inside disposable root; task/lab-specific byte, entry, depth, process, time, and output ceilings.",Output cap enforced; diagnostics bounded,"External teardown verifies no process, mount, listener, temp tree, or destination effect remains unless retained as sanitized evidence.","Repository-generated synthetic fixture; no credentials, personal data, exploit secrets, or production content.",T29.1.3
PL-006,plugin,Malformed protocol frame,Truncated/oversized/invalid encoding response,"Synthetic only; generated inside disposable root; task/lab-specific byte, entry, depth, process, time, and output ceilings.",Typed protocol failure; no parser exhaustion,"External teardown verifies no process, mount, listener, temp tree, or destination effect remains unless retained as sanitized evidence.","Repository-generated synthetic fixture; no credentials, personal data, exploit secrets, or production content.",T29.1.3
PL-007,plugin,Forged identity result,Wrong job/attempt/content/config IDs,"Synthetic only; generated inside disposable root; task/lab-specific byte, entry, depth, process, time, and output ceilings.",Coordinator rejects before commit,"External teardown verifies no process, mount, listener, temp tree, or destination effect remains unless retained as sanitized evidence.","Repository-generated synthetic fixture; no credentials, personal data, exploit secrets, or production content.",T29.1.3
PL-008,plugin,Workspace traversal attempt,Attempts synthetic out-of-root read/write,"Synthetic only; generated inside disposable root; task/lab-specific byte, entry, depth, process, time, and output ceilings.",Denied and audited,"External teardown verifies no process, mount, listener, temp tree, or destination effect remains unless retained as sanitized evidence.","Repository-generated synthetic fixture; no credentials, personal data, exploit secrets, or production content.",T29.1.3
PL-009,plugin,Network access attempt,Connects only to synthetic blocked/fake endpoint,"Synthetic only; generated inside disposable root; task/lab-specific byte, entry, depth, process, time, and output ceilings.",Denied or policy-recorded according to grant,"External teardown verifies no process, mount, listener, temp tree, or destination effect remains unless retained as sanitized evidence.","Repository-generated synthetic fixture; no credentials, personal data, exploit secrets, or production content.","T29.1.3,T28.1.4"
PL-010,plugin,Synthetic secret probe,Searches for injected marker secret outside grant,"Synthetic only; generated inside disposable root; task/lab-specific byte, entry, depth, process, time, and output ceilings.",No marker exposure; denial evidence,"External teardown verifies no process, mount, listener, temp tree, or destination effect remains unless retained as sanitized evidence.","Repository-generated synthetic fixture; no credentials, personal data, exploit secrets, or production content.",T29.1.3
PL-011,plugin,Memory/PID pressure,Bounded allocation/child count under outer quota,"Synthetic only; generated inside disposable root; task/lab-specific byte, entry, depth, process, time, and output ceilings.",Resource limit and cleanup,"External teardown verifies no process, mount, listener, temp tree, or destination effect remains unless retained as sanitized evidence.","Repository-generated synthetic fixture; no credentials, personal data, exploit secrets, or production content.",T29.1.3
PL-012,plugin,Stale result submission,Returns after fence/lease generation changes,"Synthetic only; generated inside disposable root; task/lab-specific byte, entry, depth, process, time, and output ceilings.",Rejected as stale,"External teardown verifies no process, mount, listener, temp tree, or destination effect remains unless retained as sanitized evidence.","Repository-generated synthetic fixture; no credentials, personal data, exploit secrets, or production content.","T29.1.3,T29.1.4"
ST-001,state/event,Duplicate command replay,Same idempotency key and payload repeated,"Synthetic only; generated inside disposable root; task/lab-specific byte, entry, depth, process, time, and output ceilings.","Same prior result, no duplicate effect","External teardown verifies no process, mount, listener, temp tree, or destination effect remains unless retained as sanitized evidence.","Repository-generated synthetic fixture; no credentials, personal data, exploit secrets, or production content.",T29.1.4
ST-002,state/event,Idempotency-key conflict,Same key with different payload,"Synthetic only; generated inside disposable root; task/lab-specific byte, entry, depth, process, time, and output ceilings.",Conflict rejected and audited,"External teardown verifies no process, mount, listener, temp tree, or destination effect remains unless retained as sanitized evidence.","Repository-generated synthetic fixture; no credentials, personal data, exploit secrets, or production content.",T29.1.4
ST-003,state/event,Simultaneous terminal transitions,Two actors contend to complete/cancel/fail,"Synthetic only; generated inside disposable root; task/lab-specific byte, entry, depth, process, time, and output ceilings.",Exactly one legal winner; loser explicit,"External teardown verifies no process, mount, listener, temp tree, or destination effect remains unless retained as sanitized evidence.","Repository-generated synthetic fixture; no credentials, personal data, exploit secrets, or production content.",T29.1.4
ST-004,state/event,Stale lease result,Result arrives after fence advances,"Synthetic only; generated inside disposable root; task/lab-specific byte, entry, depth, process, time, and output ceilings.",No authoritative commit,"External teardown verifies no process, mount, listener, temp tree, or destination effect remains unless retained as sanitized evidence.","Repository-generated synthetic fixture; no credentials, personal data, exploit secrets, or production content.",T29.1.4
ST-005,state/event,Outbox duplicate/reorder,Service double duplicates/reorders deliveries,"Synthetic only; generated inside disposable root; task/lab-specific byte, entry, depth, process, time, and output ceilings.",State unchanged; consumer idempotent,"External teardown verifies no process, mount, listener, temp tree, or destination effect remains unless retained as sanitized evidence.","Repository-generated synthetic fixture; no credentials, personal data, exploit secrets, or production content.",T29.1.4
ST-006,state/event,Poison event,Schema-invalid repeated delivery,"Synthetic only; generated inside disposable root; task/lab-specific byte, entry, depth, process, time, and output ceilings.",Validation failure and bounded DLQ behavior,"External teardown verifies no process, mount, listener, temp tree, or destination effect remains unless retained as sanitized evidence.","Repository-generated synthetic fixture; no credentials, personal data, exploit secrets, or production content.",T29.1.4
ST-007,state/event,Stale checkpoint,Input/config/code/policy digest mismatch,"Synthetic only; generated inside disposable root; task/lab-specific byte, entry, depth, process, time, and output ceilings.",Resume rejected deterministically,"External teardown verifies no process, mount, listener, temp tree, or destination effect remains unless retained as sanitized evidence.","Repository-generated synthetic fixture; no credentials, personal data, exploit secrets, or production content.",T29.1.4
ST-008,state/event,Clock skew lease scenario,Wall clock jumps while monotonic fence remains,"Synthetic only; generated inside disposable root; task/lab-specific byte, entry, depth, process, time, and output ceilings.",No stale authority commit,"External teardown verifies no process, mount, listener, temp tree, or destination effect remains unless retained as sanitized evidence.","Repository-generated synthetic fixture; no credentials, personal data, exploit secrets, or production content.",T29.1.4
CF-001,configuration,Duplicate/unknown keys,Versioned YAML/JSON with conflicts,"Synthetic only; generated inside disposable root; task/lab-specific byte, entry, depth, process, time, and output ceilings.",Deterministic validation error and source location,"External teardown verifies no process, mount, listener, temp tree, or destination effect remains unless retained as sanitized evidence.","Repository-generated synthetic fixture; no credentials, personal data, exploit secrets, or production content.","T3.1.2,T29.1.6"
CF-002,configuration,Unsafe deserialization tags,YAML custom-object tag fixture,"Synthetic only; generated inside disposable root; task/lab-specific byte, entry, depth, process, time, and output ceilings.",Safe loader rejects; no object execution,"External teardown verifies no process, mount, listener, temp tree, or destination effect remains unless retained as sanitized evidence.","Repository-generated synthetic fixture; no credentials, personal data, exploit secrets, or production content.","T3.1.2,T29.1.6"
API-001,protocol,Oversized JSON/event payload,Generated payload around configured cap,"Synthetic only; generated inside disposable root; task/lab-specific byte, entry, depth, process, time, and output ceilings.",Bounded rejection before memory exhaustion,"External teardown verifies no process, mount, listener, temp tree, or destination effect remains unless retained as sanitized evidence.","Repository-generated synthetic fixture; no credentials, personal data, exploit secrets, or production content.","T21.1.1,T29.1.6"
PUB-001,publication,Timeout after destination mutation,Double applies effect then drops response,"Synthetic only; generated inside disposable root; task/lab-specific byte, entry, depth, process, time, and output ceilings.",Reconcile to verified success or HOLD; no blind duplicate,"External teardown verifies no process, mount, listener, temp tree, or destination effect remains unless retained as sanitized evidence.","Repository-generated synthetic fixture; no credentials, personal data, exploit secrets, or production content.",T30.1.5
PUB-002,publication,Conflicting pre-existing destination,Different content under same destination key,"Synthetic only; generated inside disposable root; task/lab-specific byte, entry, depth, process, time, and output ceilings.",No overwrite; conflict/HOLD evidence,"External teardown verifies no process, mount, listener, temp tree, or destination effect remains unless retained as sanitized evidence.","Repository-generated synthetic fixture; no credentials, personal data, exploit secrets, or production content.",T30.1.5
