Experiment ID,Invariant improved,Candidate,Conventional alternative,Why alternative may be insufficient,Complexity cost,Runtime/resource effect,Failure modes,Observability,Compatibility,Falsification benchmark,Disposition
EXP-001,Exact intake set and mutation detection,Merkleized intake manifest over canonical occurrence records,Flat sorted manifest with one SHA-256 digest,Large generations require full-manifest rehash for localized verification/resume.,Medium; tree format/version/proof handling.,Additional hashes and storage; faster subtree verification only if exploited.,"Tree canonicalization drift, omitted leaf fields, incompatible proof versions.","Leaf/node counts, build time, proof failures, manifest/root digest.",Optional internal format behind IntakeGeneration schema; flat canonical export retained.,Compare build/update/resume verification time and bytes for 10k/100k/1m entries; reject if gain is immaterial.,OPTIONAL EXPERIMENT after E6/E9 correctness
EXP-002,Canonical exact-byte identity with efficient hashing,BLAKE3 streaming acceleration alongside mandatory SHA-256,SHA-256 only,CPU-bound hashing on fast storage may limit throughput.,Low-medium; dual digest/versioning and dependency provenance.,More digest metadata; possible CPU reduction only if SHA-256 strategy is optimized/parallelized safely.,"Treating BLAKE3 as canonical, digest mismatch, platform implementation drift.","Bytes/s, CPU, dual-digest mismatches, implementation/version.",SHA-256 remains canonical and public; BLAKE3 optional derived field.,Large-file and small-file hashing on native platforms; reject if total pipeline gain is negligible.,ADAPT / OPTIONAL
EXP-003,TOCTOU-resistant source access,Descriptor/handle-relative open and identity verification,Resolve/canonicalize path then reopen by path,Paths can be replaced between validation and use.,High cross-platform abstraction.,More open handles and metadata checks; fewer redundant path walks.,"Handle leaks, unsupported filesystems, platform semantic mismatch.","Open/close counts, native object IDs, mutation rejection reasons, handle leaks.",Public paths remain locators; internal SourceAccess contract changes.,Barrier-driven mutation corpus plus overhead measurement; reject unsafe fallback.,REIMPLEMENT as required core
EXP-004,Bounded parallelism without lifecycle ambiguity,Phase-internal durable WorkItems with one phase barrier,Single sequential loop per phase,Hashing/analysis can underutilize resources and lose granular recovery.,"Medium-high; work state, retries, aggregation, budgets.",Higher throughput and DB/event volume; bounded queues required.,"Cross-phase leakage, duplicate work, unfairness, non-deterministic aggregation.","Queue depth, active work, retries, barrier closure, resource reservations.",Six phase order unchanged; legacy phase adapter may execute one work item.,Representative hashing/analyzer workloads; reject if overhead exceeds gain or recovery worsens.,ADAPT after state/checkpoint foundation
EXP-005,Deterministic repeated computation reuse,Exact-key result reuse,Recompute every job,Duplicate content and expensive analyzers repeat identical work.,Medium; invalidation/version key and provenance.,Storage/lookup cost in exchange for avoided CPU/I/O.,Omitted key dimension causes stale result; provenance loss.,"Hit/miss reason, full key digest, work avoided, semantic comparison.",Optional optimization; recompute fallback always valid.,Duplicate-heavy runs with deliberate config/policy/tool changes; reject unsafe or low-value reuse.,REIMPLEMENT with exact-key proof
EXP-006,Predictable SQLite contention,Explicit single-writer transaction owner with WAL/reference backend,Independent connections/commits from components,Write contention and transaction ownership become ambiguous.,Medium; queue/transaction API and shutdown behavior.,May batch writes and reduce locks; single-writer bottleneck possible.,"Writer stall/backlog, oversized transaction, shutdown loss.","Queue depth, transaction latency, busy time, batch size, fsync time.",StateStore interface hides implementation; schema unchanged by writer topology.,Concurrent-job and event workloads; reject if tail latency/backlog is worse without reliability gain.,EVALUATE within T4
EXP-007,Durable progress without event explosion,Sampled/coalesced progress plus authoritative checkpoint state,Persist every progress update,High-volume files produce excessive DB/outbox/event pressure.,Low-medium; sampling policy and status projection.,Lower writes/events; slightly less granular history.,"Hidden stalls, final progress not flushed, misleading percentages.","Produced/coalesced/persisted counts, lag, final-flush result.",Event schema/version documents sampling; status remains authoritative.,Million-entry/event-surge workloads; reject policy that harms diagnostics or recovery.,ADAPT
EXP-008,Immutable content commit under concurrency,Stage → hash/verify → fsync as policy → atomic no-replace commit,Write directly to final digest path,Partial/crashed/concurrent writes can corrupt trusted blob.,"Medium; staging, reconciliation, cross-device handling.",Extra temporary bytes and verification I/O.,"Orphan stages, cross-device rename, corrupt pre-existing object.","Stage state, bytes, digest, commit conflict, reconciliation action.",ContentStore interface; reference-only mode unaffected.,Concurrent writers and crash matrix; direct-write alternative fails safety invariant.,REIMPLEMENT required when CAS enabled
EXP-009,State/event truth under transport failure,Transactional durable event + outbox dispatcher,Publish then separately persist event,Crash/failure can produce state without history or published event without committed state.,"Medium; schemas, dispatcher, leases, backpressure.",Additional DB writes/storage; asynchronous delivery improves availability.,"Backlog, duplicate delivery, poison messages, stale dispatcher.","State/event/outbox transaction IDs, backlog depth/age, attempts, DLQ.",Existing event bus becomes transport adapter; event consumers versioned.,Every commit/crash boundary; reject any design permitting unpaired authoritative state/event.,REIMPLEMENT required core
EXP-010,Detection of concurrency/state defects before runtime,Bounded model checking with executable counterexample replay,Example-based and property tests only,Rare interleavings across lease/fence/control/crash may be missed.,Medium-high; model maintenance and abstraction.,CI analysis cost only; no product runtime effect.,"False assurance, state-space explosion, model drift.","States explored, bounds, runtime, counterexamples, replay status.",No runtime/API change.,Seed deliberate defects and measure unique defects found/maintenance; retire if no added value.,OPTIONAL P2 experiment
EXP-011,Scale without redefining lifecycle authority,"Remote ExecutionBackend using immutable WorkSpec, leases, fences, and scoped artifact tokens",Local in-process/subprocess execution,Some workloads may exceed one host or need specialized tools.,"Very high; identity, transport, worker ops, partitions, upgrades.",Transfer/queue overhead and new operational services; possible throughput gains.,"Partition, stale worker, forged result, duplicate work, version skew, data exposure.","Lease/fence, protocol versions, transfer, queue, worker health, result validation.",Optional backend; local reference path remains required.,Defined workload versus local including operator burden; reject without measurable benefit.,DEFER / EVIDENCE-GATED
EXP-012,Fast local verification of large manifests,Sparse status/materialized projections and paginated lineage queries,Load complete metadata/finding/event JSON into job record,"Large jobs cause memory, serialization, and status latency amplification.",Medium; normalized records and projection/version contract.,More indexed tables; lower memory/JSON transfer.,"Projection lag/inconsistency, missing pagination ordering, N+1 queries.","Query latency, rows/bytes, projection version, stale indicator.",Legacy metadata view generated during migration window.,Large-history status workloads with exact state/lineage equivalence.,REIMPLEMENT as normalized status architecture
