Path,Type,Current responsibility,Evidence class,Current status,Target disposition,Owning tasks,Required tests/evidence,Limitations
README.md,documentation,"Project overview, quick start, phase descriptions, development log, commands, and declared limitations.",CURRENT PUBLIC DOC + FROZEN SNAPSHOT,SECONDARY EVIDENCE; claims require code/test verification,extend,"T1.1.1,T2.1.4,T24.1.3",Documentation examples checked against installed package; completion claims linked to evidence.,Future-dated/completion statements are not runtime proof.
TODO_ATLAS-PART1.md,planning,Repository planning/task slices.,CURRENT PUBLIC TREE,PLANNING ONLY,migrate,"T1.1.1,T3.1.4,T23.1.2",Planning-tree consistency and deprecation mapping.,Content not independently fetched in this run.
pyproject.toml,packaging/config,"Python package metadata, dependencies, test/tool configuration, CLI entry point.",CURRENT PUBLIC TREE + FROZEN ASSESSMENT,IMPLEMENTED; active contents require checkout verification,extend,"T1.1.1,T24.1.1,T24.1.3","Build/install matrix, dependency lock/provenance, entry-point smoke.",Exact current contents/versions unresolved.
.github/workflows/tests.yml,CI,Frozen Linux/Python 3.13 test workflow.,ATLAS:efa547cafc64b58d60d19dcc1e5ba32c6b046bc5:.github/workflows/tests.yml:L1-L34,"IMPLEMENTED, NARROW",extend,"T24.1.1,T24.1.2","Workflow policy, matrix, skips, pinned actions, clean reruns.",No executed CI evidence in this run.
atlas/cli.py,entry point,Local CLI commands for run/jobs/job and pipeline loading.,ATLAS:efa547cafc64b58d60d19dcc1e5ba32c6b046bc5:atlas/cli.py:L42-L91,IMPLEMENTED,extend,"T3.1.2,T19.1.3,T21.1.1","Characterization, compatibility, daemon/command service integration.",Exact current file requires T1.1.1.
atlas/core/runtime.py,composition,"Constructs store, event bus, helpers, phase handlers, and orchestrator.",ATLAS:efa547cafc64b58d60d19dcc1e5ba32c6b046bc5:atlas/core/runtime.py:L35-L202,IMPLEMENTED WITH WIRING GAPS,refactor,"T1.1.4,T15.1.1,T19.1.1,T20.1.1","Composition validation, missing dependency failure, shutdown/resource tests.",PathSafety and shared HashStore wiring gaps in frozen baseline.
atlas/core/orchestrator.py,orchestration,"Creates jobs, starts asyncio tasks, iterates phases, process-local controls, emits lifecycle events.",ATLAS:efa547cafc64b58d60d19dcc1e5ba32c6b046bc5:atlas/core/orchestrator.py:L25-L339,IMPLEMENTED; SEQUENTIAL/PROCESS-LOCAL,refactor,"T3.1.1,T5.1.1-T5.1.4,T9.1.1-T9.1.4,T18.1.1-T18.1.4","State-machine, crash/replay, controls, idempotency, fencing, characterization.",Caller-controlled order and no durable attempt/control semantics.
atlas/core/job_store.py,persistence,"Inline SQLite jobs, phases, events CRUD.",ATLAS:efa547cafc64b58d60d19dcc1e5ba32c6b046bc5:atlas/core/job_store.py:L19-L350,"IMPLEMENTED, NARROW/NONTRANSACTIONAL ACROSS EVENTS",replace behind interface,"T4.1.1-T4.1.4,T5.1.2,T8.1.2","Migration, transaction, lock, crash, integrity, backup/restore, conformance.",No schema version/migrations/attempts/checkpoints/outbox/provenance.
atlas/core/event_bus.py,events/transport,In-memory queues/subscribers and RabbitMQ publisher/fallback.,ATLAS:efa547cafc64b58d60d19dcc1e5ba32c6b046bc5:atlas/core/event_bus.py:L24-L230,PARTIALLY IMPLEMENTED; TRANSPORT MIXED WITH EVENTING,split,"T8.1.1-T8.1.4,T21.1.3","Durable event/outbox, duplicate/backpressure/DLQ, service failure matrix.",No consumer/offset/outbox; phase events ephemeral.
atlas/phases/base.py,phase contract,"Base phase, status enum, retryable metadata, event helper.",ATLAS:efa547cafc64b58d60d19dcc1e5ba32c6b046bc5:atlas/phases/base.py:L27-L72,"IMPLEMENTED, SEMANTICALLY COARSE",replace/adapter,"T3.1.1,T5.1.1,T9.1.1,T14.1.4","Typed phase context, state transitions, legacy adapter, compatibility.",Job/phase states conflated; retryable unused.
atlas/phases/reconnaissance.py,phase A,"Live traversal, risk flags, archive assessments, summary metadata.",ATLAS:efa547cafc64b58d60d19dcc1e5ba32c6b046bc5:atlas/phases/reconnaissance.py:L20-L111,IMPLEMENTED; LIVE SOURCE,refactor,"T6.1.1-T6.1.4,T10.1.4","Immutable intake, traversal limits, mutation/race corpus, checkpoints.",No accepted generation or durable occurrence model.
atlas/phases/fingerprinting.py,phase B,Second traversal and streaming hashes into in-memory manifest/job metadata.,ATLAS:efa547cafc64b58d60d19dcc1e5ba32c6b046bc5:atlas/phases/fingerprinting.py:L20-L136,PARTIALLY IMPLEMENTED,refactor,"T7.1.1-T7.1.4,T12.1.1-T12.1.4","Occurrence/content linkage, race-aware hashing, dedup/reuse, CAS optional.",Repeated discovery and no durable content identity authority.
atlas/phases/structural_discovery.py,phase C,Shallow ZIP/TAR structural inspection.,ATLAS:efa547cafc64b58d60d19dcc1e5ba32c6b046bc5:atlas/phases/structural_discovery.py:L21-L145,PARTIALLY IMPLEMENTED,refactor,"T11.1.2,T13.1.1,T13.1.4","Recursive cumulative budgets, exact reports, archive corpus, reuse.","Nested archives counted, not recursively inspected."
atlas/phases/extraction.py,phase D,Archive assessment and source-adjacent extraction.,ATLAS:efa547cafc64b58d60d19dcc1e5ba32c6b046bc5:atlas/phases/extraction.py:L20-L181,PARTIALLY IMPLEMENTED; UNSAFE DESTINATION MODEL,replace,"T11.1.1-T11.1.4,T13.1.2-T13.1.3","Quarantine, exact report binding, budgets, crash cleanup, lineage.",Writes beside source; no durable output/derivation manifest.
atlas/phases/analysis.py,phase E,Runs in-process analyzer plugins over live paths and stores bounded dictionary output.,ATLAS:efa547cafc64b58d60d19dcc1e5ba32c6b046bc5:atlas/phases/analysis.py:L18-L134,PARTIALLY IMPLEMENTED; EXCESSIVE PLUGIN AUTHORITY,refactor/adapter,"T14.1.1-T14.1.4,T15.1.1-T15.1.4,T22.1.1-T22.1.4","Typed findings, capabilities, backend conformance, hostile corpus.",Plugins share process/host authority and results are not first-class.
atlas/phases/review.py,phase F,Creates ephemeral evidence/promotion candidates and metadata summaries.,ATLAS:efa547cafc64b58d60d19dcc1e5ba32c6b046bc5:atlas/phases/review.py:L19-L236,PARTIALLY IMPLEMENTED; NONAUTHORITATIVE,replace/compatibility adapter,T17.1.1-T17.1.4,"Evidence/decision/publication schemas, authorization, idempotent publication, lineage.",No durable review/promotion/publication authority.
atlas/safety/filesystem_discovery.py,filesystem safety,Directory traversal and metadata/risk collection.,FROZEN ASSESSMENT,PARTIALLY IMPLEMENTED,refactor,"T6.1.2,T10.1.2,T10.1.4","Links/mounts/special files/mutation, bounded traversal, native platform matrix.",Not a complete canonical source access boundary.
atlas/safety/archive_safety.py,archive safety,ZIP/TAR inspection and extraction checks.,FROZEN ASSESSMENT,PARTIALLY IMPLEMENTED,refactor,"T11.1.2-T11.1.4,T13.1.1-T13.1.3","Malicious archive corpus, recursive budgets, exact materialization.",Shallow and not fully lineage-bound.
atlas/safety/path_safety.py,path safety,Path policy helper.,ATLAS:efa547cafc64b58d60d19dcc1e5ba32c6b046bc5:atlas/safety/path_safety.py:L26-L146,IMPLEMENTED HELPER; NOT CANONICALLY WIRED,merge into canonical services,T10.1.1-T10.1.4,Platform-native path/link/mount/temporary/destination tests.,Availability does not prove use by all phases.
atlas/storage/hash_store.py,identity/cache,Process-memory hash manifest and lookup.,ATLAS:efa547cafc64b58d60d19dcc1e5ba32c6b046bc5:atlas/storage/hash_store.py:L34-L63,PARTIALLY IMPLEMENTED; NOT CAS,deprecate behind identity/content interfaces,"T7.1.1-T7.1.4,T12.1.1-T12.1.4","Persistent identity, legacy adapter, content-store integrity/reuse proof.",No persistent deduplication or immutable byte storage.
atlas/schema/__init__.py,schema,Re-exports inline DB schema while describing migrations.,ATLAS:efa547cafc64b58d60d19dcc1e5ba32c6b046bc5:atlas/schema/__init__.py:L1-L9,DOCUMENTED ONLY FOR MIGRATIONS,replace,"T4.1.3,T4.1.4","Numbered migration, forward/rollback, failure recovery, compatibility.",Documentation/code drift.
tests/test_runtime.py,test,Frozen runtime composition/startup tests.,ATLAS:efa547cafc64b58d60d19dcc1e5ba32c6b046bc5:tests/test_runtime.py:L18-L144,IMPLEMENTED,extend,"T2.1.2,T19.1.1,T24.1.1",Characterization plus composition/daemon/recovery lanes.,No runtime execution in this planning run.
tests/test_orchestrator.py,test,Frozen orchestrator behavior tests.,ATLAS:efa547cafc64b58d60d19dcc1e5ba32c6b046bc5:tests/test_orchestrator.py:L103-L111,"IMPLEMENTED, LIMITED",extend,"T2.1.2,T5.1.4,T18.1.4","State model, invalid transitions, crash/replay, concurrency.",Current test count/coverage not independently executed.
tests/test_event_bus.py,test,Frozen event-bus tests.,CURRENT README + FROZEN ASSESSMENT,IMPLEMENTED,extend,"T8.1.3,T28.1.5,T30.1.3",Outbox/service/delivery/idempotency matrix.,Transport-only behavior is not durable-event proof.
tests/test_job_store.py,test,Frozen SQLite CRUD tests.,CURRENT README + FROZEN ASSESSMENT,IMPLEMENTED,replace/extend,"T4.1.2-T4.1.4,T30.1.3","Transactions, migrations, contention, crash, backup/restore.",No new schema coverage.
tests/test_filesystem_discovery.py,test,Frozen discovery tests.,CURRENT README + FROZEN ASSESSMENT,IMPLEMENTED,extend,"T6.1.2,T29.1.1,T30.1.2",Native filesystem and source-mutation corpus.,Current fixture breadth not independently inspected.
tests/test_archive_safety.py,test,Frozen archive-safety tests.,CURRENT README + FROZEN ASSESSMENT,IMPLEMENTED,extend,"T11.1.2,T29.1.2",Recursive/malformed/resource/adversarial corpus.,No exhaustive archive evidence.
tests/test_hash_store.py,test,Frozen in-memory hash-store tests.,CURRENT README + FROZEN ASSESSMENT,IMPLEMENTED,preserve as legacy characterization,"T7.1.4,T12.1.4,T30.1.4",Persistent identity/content-store/reuse conformance.,Does not prove durable CAS.
tests/test_path_safety.py,test,Frozen path helper tests.,CURRENT README + FROZEN ASSESSMENT,IMPLEMENTED,extend,"T10.1.4,T28.1.2,T28.1.3",Native link/mount/reparse/case/Unicode/TOCTOU matrix.,Helper coverage is not end-to-end routing proof.
tests/test_phases_integration.py,test,Frozen six-phase happy-path integration.,CURRENT README + FROZEN ASSESSMENT,IMPLEMENTED,extend,"T2.1.2,T24.1.2,T30.1.6","Migration, crash, adversarial, qualification, compatibility, soak.",No executed result in this planning run.
examples/ctfd_pipeline.yaml,example/config,Example six-phase pipeline configuration.,CURRENT README,DOCUMENTED EXAMPLE,migrate/dual support,T3.1.1-T3.1.4,"Schema validation, legacy migration, example smoke.",Exact file contents not independently fetched.
